--
-- PostgreSQL database dump
--

-- Dumped from database version 14.0
-- Dumped by pg_dump version 14.1

-- Started on 2022-08-28 07:18:56 UTC

SET statement_timeout = 0;
SET lock_timeout = 0;
SET idle_in_transaction_session_timeout = 0;
SET client_encoding = 'UTF8';
SET standard_conforming_strings = on;
SELECT pg_catalog.set_config('search_path', '', false);
SET check_function_bodies = false;
SET xmloption = content;
SET client_min_messages = warning;
SET row_security = off;

SET default_tablespace = '';

SET default_table_access_method = heap;

--
-- TOC entry 218 (class 1259 OID 16432)
-- Name: album_artist; Type: TABLE; Schema: public; Owner: smp_user
--

CREATE TABLE public.album_artist (
    album_id integer NOT NULL,
    artist_id integer NOT NULL
);


ALTER TABLE public.album_artist OWNER TO smp_user;

--
-- TOC entry 219 (class 1259 OID 16449)
-- Name: album_relations; Type: TABLE; Schema: public; Owner: smp_user
--

CREATE TABLE public.album_relations (
    id1 integer NOT NULL,
    id2 integer NOT NULL,
    score integer
);


ALTER TABLE public.album_relations OWNER TO smp_user;

--
-- TOC entry 211 (class 1259 OID 16391)
-- Name: albums; Type: TABLE; Schema: public; Owner: smp_user
--

CREATE TABLE public.albums (
    id integer NOT NULL,
    title character varying,
    release_date date,
    cover_url character varying
);


ALTER TABLE public.albums OWNER TO smp_user;

--
-- TOC entry 210 (class 1259 OID 16390)
-- Name: albums_id_seq; Type: SEQUENCE; Schema: public; Owner: smp_user
--

CREATE SEQUENCE public.albums_id_seq
    AS integer
    START WITH 1
    INCREMENT BY 1
    NO MINVALUE
    NO MAXVALUE
    CACHE 1;


ALTER TABLE public.albums_id_seq OWNER TO smp_user;

--
-- TOC entry 3471 (class 0 OID 0)
-- Dependencies: 210
-- Name: albums_id_seq; Type: SEQUENCE OWNED BY; Schema: public; Owner: smp_user
--

ALTER SEQUENCE public.albums_id_seq OWNED BY public.albums.id;


--
-- TOC entry 209 (class 1259 OID 16385)
-- Name: alembic_version; Type: TABLE; Schema: public; Owner: smp_user
--

CREATE TABLE public.alembic_version (
    version_num character varying(32) NOT NULL
);


ALTER TABLE public.alembic_version OWNER TO smp_user;

--
-- TOC entry 213 (class 1259 OID 16401)
-- Name: artists; Type: TABLE; Schema: public; Owner: smp_user
--

CREATE TABLE public.artists (
    id integer NOT NULL,
    name character varying,
    cover_url character varying
);


ALTER TABLE public.artists OWNER TO smp_user;

--
-- TOC entry 212 (class 1259 OID 16400)
-- Name: artists_id_seq; Type: SEQUENCE; Schema: public; Owner: smp_user
--

CREATE SEQUENCE public.artists_id_seq
    AS integer
    START WITH 1
    INCREMENT BY 1
    NO MINVALUE
    NO MAXVALUE
    CACHE 1;


ALTER TABLE public.artists_id_seq OWNER TO smp_user;

--
-- TOC entry 3472 (class 0 OID 0)
-- Dependencies: 212
-- Name: artists_id_seq; Type: SEQUENCE OWNED BY; Schema: public; Owner: smp_user
--

ALTER SEQUENCE public.artists_id_seq OWNED BY public.artists.id;


--
-- TOC entry 221 (class 1259 OID 16467)
-- Name: playlists; Type: TABLE; Schema: public; Owner: smp_user
--

CREATE TABLE public.playlists (
    id integer NOT NULL,
    name character varying,
    songs integer[],
    cover_url character varying,
    user_id integer
);


ALTER TABLE public.playlists OWNER TO smp_user;

--
-- TOC entry 220 (class 1259 OID 16466)
-- Name: playlists_id_seq; Type: SEQUENCE; Schema: public; Owner: smp_user
--

CREATE SEQUENCE public.playlists_id_seq
    AS integer
    START WITH 1
    INCREMENT BY 1
    NO MINVALUE
    NO MAXVALUE
    CACHE 1;


ALTER TABLE public.playlists_id_seq OWNER TO smp_user;

--
-- TOC entry 3473 (class 0 OID 0)
-- Dependencies: 220
-- Name: playlists_id_seq; Type: SEQUENCE OWNED BY; Schema: public; Owner: smp_user
--

ALTER SEQUENCE public.playlists_id_seq OWNED BY public.playlists.id;


--
-- TOC entry 223 (class 1259 OID 16483)
-- Name: queues; Type: TABLE; Schema: public; Owner: smp_user
--

CREATE TABLE public.queues (
    id integer NOT NULL,
    songs integer[],
    current_position integer,
    user_id integer
);


ALTER TABLE public.queues OWNER TO smp_user;

--
-- TOC entry 222 (class 1259 OID 16482)
-- Name: queues_id_seq; Type: SEQUENCE; Schema: public; Owner: smp_user
--

CREATE SEQUENCE public.queues_id_seq
    AS integer
    START WITH 1
    INCREMENT BY 1
    NO MINVALUE
    NO MAXVALUE
    CACHE 1;


ALTER TABLE public.queues_id_seq OWNER TO smp_user;

--
-- TOC entry 3474 (class 0 OID 0)
-- Dependencies: 222
-- Name: queues_id_seq; Type: SEQUENCE OWNED BY; Schema: public; Owner: smp_user
--

ALTER SEQUENCE public.queues_id_seq OWNED BY public.queues.id;


--
-- TOC entry 228 (class 1259 OID 16547)
-- Name: song_artist; Type: TABLE; Schema: public; Owner: smp_user
--

CREATE TABLE public.song_artist (
    song_id integer NOT NULL,
    artist_id integer NOT NULL
);


ALTER TABLE public.song_artist OWNER TO smp_user;

--
-- TOC entry 229 (class 1259 OID 16564)
-- Name: song_tag; Type: TABLE; Schema: public; Owner: smp_user
--

CREATE TABLE public.song_tag (
    song_id integer NOT NULL,
    tag_id integer NOT NULL
);


ALTER TABLE public.song_tag OWNER TO smp_user;

--
-- TOC entry 225 (class 1259 OID 16498)
-- Name: songs; Type: TABLE; Schema: public; Owner: smp_user
--

CREATE TABLE public.songs (
    id integer NOT NULL,
    title character varying,
    duration interval,
    file_url character varying,
    cover_url character varying,
    album_id integer
);


ALTER TABLE public.songs OWNER TO smp_user;

--
-- TOC entry 224 (class 1259 OID 16497)
-- Name: songs_id_seq; Type: SEQUENCE; Schema: public; Owner: smp_user
--

CREATE SEQUENCE public.songs_id_seq
    AS integer
    START WITH 1
    INCREMENT BY 1
    NO MINVALUE
    NO MAXVALUE
    CACHE 1;


ALTER TABLE public.songs_id_seq OWNER TO smp_user;

--
-- TOC entry 3475 (class 0 OID 0)
-- Dependencies: 224
-- Name: songs_id_seq; Type: SEQUENCE OWNED BY; Schema: public; Owner: smp_user
--

ALTER SEQUENCE public.songs_id_seq OWNED BY public.songs.id;


--
-- TOC entry 215 (class 1259 OID 16412)
-- Name: tags; Type: TABLE; Schema: public; Owner: smp_user
--

CREATE TABLE public.tags (
    id integer NOT NULL,
    name character varying
);


ALTER TABLE public.tags OWNER TO smp_user;

--
-- TOC entry 214 (class 1259 OID 16411)
-- Name: tags_id_seq; Type: SEQUENCE; Schema: public; Owner: smp_user
--

CREATE SEQUENCE public.tags_id_seq
    AS integer
    START WITH 1
    INCREMENT BY 1
    NO MINVALUE
    NO MAXVALUE
    CACHE 1;


ALTER TABLE public.tags_id_seq OWNER TO smp_user;

--
-- TOC entry 3476 (class 0 OID 0)
-- Dependencies: 214
-- Name: tags_id_seq; Type: SEQUENCE OWNED BY; Schema: public; Owner: smp_user
--

ALTER SEQUENCE public.tags_id_seq OWNED BY public.tags.id;


--
-- TOC entry 226 (class 1259 OID 16513)
-- Name: user_album; Type: TABLE; Schema: public; Owner: smp_user
--

CREATE TABLE public.user_album (
    user_id integer NOT NULL,
    album_id integer NOT NULL
);


ALTER TABLE public.user_album OWNER TO smp_user;

--
-- TOC entry 227 (class 1259 OID 16530)
-- Name: user_artist; Type: TABLE; Schema: public; Owner: smp_user
--

CREATE TABLE public.user_artist (
    user_id integer NOT NULL,
    artist_id integer NOT NULL
);


ALTER TABLE public.user_artist OWNER TO smp_user;

--
-- TOC entry 230 (class 1259 OID 16581)
-- Name: user_song; Type: TABLE; Schema: public; Owner: smp_user
--

CREATE TABLE public.user_song (
    user_id integer NOT NULL,
    song_id integer NOT NULL
);


ALTER TABLE public.user_song OWNER TO smp_user;

--
-- TOC entry 217 (class 1259 OID 16422)
-- Name: users; Type: TABLE; Schema: public; Owner: smp_user
--

CREATE TABLE public.users (
    id integer NOT NULL,
    username character varying,
    name character varying,
    surname character varying,
    about character varying,
    email character varying,
    password_hash character varying,
    disabled boolean,
    image_url character varying,
    refresh_token character varying
);


ALTER TABLE public.users OWNER TO smp_user;

--
-- TOC entry 216 (class 1259 OID 16421)
-- Name: users_id_seq; Type: SEQUENCE; Schema: public; Owner: smp_user
--

CREATE SEQUENCE public.users_id_seq
    AS integer
    START WITH 1
    INCREMENT BY 1
    NO MINVALUE
    NO MAXVALUE
    CACHE 1;


ALTER TABLE public.users_id_seq OWNER TO smp_user;

--
-- TOC entry 3477 (class 0 OID 0)
-- Dependencies: 216
-- Name: users_id_seq; Type: SEQUENCE OWNED BY; Schema: public; Owner: smp_user
--

ALTER SEQUENCE public.users_id_seq OWNED BY public.users.id;


--
-- TOC entry 3226 (class 2604 OID 16394)
-- Name: albums id; Type: DEFAULT; Schema: public; Owner: smp_user
--

ALTER TABLE ONLY public.albums ALTER COLUMN id SET DEFAULT nextval('public.albums_id_seq'::regclass);


--
-- TOC entry 3227 (class 2604 OID 16404)
-- Name: artists id; Type: DEFAULT; Schema: public; Owner: smp_user
--

ALTER TABLE ONLY public.artists ALTER COLUMN id SET DEFAULT nextval('public.artists_id_seq'::regclass);


--
-- TOC entry 3230 (class 2604 OID 16470)
-- Name: playlists id; Type: DEFAULT; Schema: public; Owner: smp_user
--

ALTER TABLE ONLY public.playlists ALTER COLUMN id SET DEFAULT nextval('public.playlists_id_seq'::regclass);


--
-- TOC entry 3231 (class 2604 OID 16486)
-- Name: queues id; Type: DEFAULT; Schema: public; Owner: smp_user
--

ALTER TABLE ONLY public.queues ALTER COLUMN id SET DEFAULT nextval('public.queues_id_seq'::regclass);


--
-- TOC entry 3232 (class 2604 OID 16501)
-- Name: songs id; Type: DEFAULT; Schema: public; Owner: smp_user
--

ALTER TABLE ONLY public.songs ALTER COLUMN id SET DEFAULT nextval('public.songs_id_seq'::regclass);


--
-- TOC entry 3228 (class 2604 OID 16415)
-- Name: tags id; Type: DEFAULT; Schema: public; Owner: smp_user
--

ALTER TABLE ONLY public.tags ALTER COLUMN id SET DEFAULT nextval('public.tags_id_seq'::regclass);


--
-- TOC entry 3229 (class 2604 OID 16425)
-- Name: users id; Type: DEFAULT; Schema: public; Owner: smp_user
--

ALTER TABLE ONLY public.users ALTER COLUMN id SET DEFAULT nextval('public.users_id_seq'::regclass);


--
-- TOC entry 3453 (class 0 OID 16432)
-- Dependencies: 218
-- Data for Name: album_artist; Type: TABLE DATA; Schema: public; Owner: smp_user
--

COPY public.album_artist (album_id, artist_id) FROM stdin;
1	22
1	81
2	90
2	74
2	8
3	47
4	39
4	89
5	29
5	81
5	2
6	11
6	48
6	62
7	89
7	47
7	17
7	34
8	42
9	53
9	58
9	32
10	53
10	76
10	18
11	87
11	22
12	93
12	92
13	82
13	7
13	78
13	68
14	64
15	1
15	32
15	20
15	43
16	76
16	80
17	24
17	57
17	34
18	59
18	90
18	11
19	46
19	99
19	69
20	67
21	87
21	55
21	32
22	30
22	55
23	65
23	75
23	37
23	83
24	59
24	79
24	72
24	18
25	27
25	76
25	18
26	12
26	46
26	45
27	79
27	8
28	81
29	99
29	71
29	89
29	7
30	89
30	57
30	29
31	31
32	57
33	35
33	4
33	1
34	73
34	74
34	23
35	67
36	77
36	78
37	71
37	48
37	92
37	56
38	65
38	91
38	2
39	63
39	48
40	84
40	72
40	96
41	31
41	93
41	6
42	44
42	87
42	19
43	59
43	21
43	50
44	74
44	18
45	99
46	75
47	61
47	88
48	50
48	28
48	14
49	95
49	13
49	21
50	4
50	61
50	5
51	20
52	37
52	15
52	63
52	85
53	13
53	91
53	57
54	20
54	59
55	53
55	25
55	52
56	85
56	97
56	61
56	11
57	35
58	93
58	39
58	41
59	75
59	5
59	60
60	93
61	3
62	90
62	78
63	1
63	18
63	86
63	98
64	41
64	72
65	99
65	66
65	40
66	56
66	44
67	20
67	35
67	26
68	99
68	23
68	71
68	21
69	57
69	12
70	55
70	51
71	4
71	81
71	62
72	41
72	36
73	15
73	42
73	91
74	72
75	19
75	23
75	68
75	46
76	66
76	4
77	67
77	15
78	90
78	53
79	63
79	17
80	76
80	3
81	31
81	2
82	13
82	43
82	65
83	1
83	43
84	81
85	5
85	4
85	40
86	20
86	14
87	56
88	18
88	87
88	92
89	51
89	62
90	24
90	29
91	55
92	64
93	58
94	65
95	25
95	9
95	69
95	62
96	26
96	75
97	36
98	35
98	77
98	97
99	23
99	7
100	26
100	81
100	53
100	31
\.


--
-- TOC entry 3454 (class 0 OID 16449)
-- Dependencies: 219
-- Data for Name: album_relations; Type: TABLE DATA; Schema: public; Owner: smp_user
--

COPY public.album_relations (id1, id2, score) FROM stdin;
3	6	1
3	17	1
3	28	1
3	47	1
6	60	1
17	19	1
17	85	1
17	86	1
18	85	1
18	90	1
32	60	1
46	60	1
46	92	1
47	92	1
60	92	1
85	89	1
85	90	1
90	92	1
7	21	1
7	22	1
7	28	1
7	30	1
7	90	1
21	22	1
21	30	1
22	36	1
22	55	1
22	65	1
22	66	1
22	72	1
22	90	1
28	36	1
86	89	3
30	90	1
35	65	1
35	72	1
55	66	1
55	90	1
65	90	1
2	7	1
17	46	2
7	36	2
66	72	3
22	35	2
16	55	2
85	86	5
30	66	4
17	47	2
36	66	2
17	18	2
17	32	2
28	30	4
17	90	2
21	28	2
55	72	5
32	89	4
35	90	3
28	66	2
19	86	3
46	86	3
28	90	3
32	90	2
47	60	4
6	46	3
19	85	4
89	90	2
3	86	2
3	92	2
7	16	3
2	16	4
3	32	2
16	21	3
6	86	2
7	35	2
6	47	2
17	92	2
85	92	2
3	46	2
21	66	4
65	66	2
16	65	3
46	89	5
6	89	2
16	28	2
3	90	2
18	92	2
30	65	2
3	19	2
16	22	2
18	60	2
6	19	2
22	30	3
6	28	2
6	32	2
6	85	3
6	92	2
19	28	2
32	47	3
16	90	2
89	92	3
28	46	3
28	85	3
28	72	4
18	28	2
28	92	2
65	72	3
7	65	3
32	86	2
32	92	2
16	30	3
28	86	4
28	65	2
46	47	5
28	60	2
7	55	2
47	89	2
30	35	4
3	60	2
21	90	4
60	85	3
17	28	4
21	65	2
6	90	2
60	90	2
46	90	2
47	86	2
47	90	2
30	55	4
30	36	3
35	36	2
47	85	2
18	89	3
19	46	2
32	46	2
36	55	2
18	86	3
35	55	3
19	60	3
22	28	3
28	55	3
18	46	5
28	35	3
3	85	2
16	36	4
16	35	2
35	66	2
2	78	1
36	78	1
78	91	1
2	39	2
15	36	1
15	77	1
15	84	1
36	84	1
40	77	1
40	84	1
80	84	1
6	16	1
6	53	1
6	54	1
6	65	1
6	69	1
6	76	1
6	96	1
6	99	1
16	78	2
16	80	1
18	69	1
18	76	1
18	78	1
31	53	1
31	64	1
31	69	1
31	87	1
31	99	1
53	54	1
53	56	1
53	64	1
53	99	1
54	56	1
54	80	1
54	99	1
55	64	1
55	69	1
55	76	1
55	78	1
56	65	1
56	69	1
56	76	1
64	69	1
64	76	1
64	96	1
64	99	1
65	76	1
16	54	4
54	69	2
2	91	5
56	78	2
64	78	2
53	95	2
54	87	2
6	56	3
54	65	2
53	78	2
6	31	2
6	78	2
16	18	3
7	27	2
55	87	3
27	78	2
31	78	2
54	78	2
65	69	3
84	95	3
18	99	2
18	80	3
53	55	2
56	95	2
31	65	2
7	78	3
39	78	3
65	78	2
78	97	2
55	80	2
2	27	2
6	55	2
6	72	3
64	87	4
36	77	2
31	55	3
27	91	2
36	39	2
36	91	2
16	69	3
16	64	4
36	95	2
36	40	2
64	95	3
65	80	2
15	95	2
77	80	2
56	87	4
55	95	2
18	56	3
16	99	3
27	39	3
2	36	4
6	95	4
2	80	2
7	97	3
55	99	2
16	39	3
16	53	2
2	77	2
16	87	2
53	80	2
91	97	3
53	87	2
16	56	3
18	64	3
7	91	2
56	64	4
64	65	2
55	96	3
36	80	2
64	80	3
65	87	2
40	80	2
54	55	2
15	40	3
2	95	2
2	97	4
16	31	2
16	76	2
7	39	4
18	31	2
18	54	3
31	76	2
31	72	2
54	72	4
27	36	3
54	96	3
2	84	3
18	72	3
18	95	3
77	84	2
77	95	3
18	53	2
18	96	5
53	72	3
56	96	3
16	91	3
16	95	2
64	72	2
2	15	4
53	69	3
53	76	2
39	91	3
2	40	3
65	99	1
69	78	1
72	78	1
76	78	1
76	80	1
76	95	1
78	80	1
78	87	1
78	96	1
78	99	1
80	99	1
95	99	1
6	36	1
6	49	1
6	71	1
6	97	1
18	49	1
33	64	1
64	74	1
8	17	1
8	26	1
8	49	1
8	57	1
8	67	1
17	21	1
17	26	1
17	40	1
17	57	1
17	58	1
17	72	1
17	96	1
23	28	1
23	58	1
23	66	1
23	72	1
26	28	1
26	39	1
26	49	1
26	58	1
26	72	1
26	89	1
26	96	1
28	40	1
28	96	1
32	57	1
32	58	1
32	66	1
32	67	1
39	90	1
49	57	1
49	58	1
49	90	1
54	58	1
8	40	4
8	90	3
8	72	4
23	89	3
21	39	2
8	96	3
40	54	2
39	40	2
39	58	2
54	57	2
40	90	2
40	89	2
49	66	2
8	66	4
74	78	2
78	95	2
17	23	2
40	49	2
39	72	2
32	39	2
23	54	2
26	57	2
69	80	2
33	78	2
49	54	2
8	58	3
40	58	3
69	76	2
72	87	3
69	72	2
69	99	2
76	87	2
72	80	2
76	99	2
95	96	2
87	99	2
28	57	2
28	67	2
39	67	2
21	96	3
28	54	4
21	67	3
18	71	3
23	67	3
18	97	3
39	57	3
33	74	4
8	32	2
40	72	2
28	32	3
21	57	2
49	71	3
23	39	4
8	54	3
71	97	3
23	96	2
39	96	2
49	96	2
87	96	3
69	96	3
69	95	2
56	74	2
26	67	3
26	54	2
26	66	2
8	39	3
54	67	2
26	32	2
23	49	3
69	87	4
49	67	2
21	54	4
32	96	2
17	67	2
49	72	2
33	56	3
54	90	2
80	96	4
8	28	4
39	54	3
36	49	4
49	97	2
72	99	2
21	49	2
23	40	3
21	40	4
32	49	4
18	36	3
21	32	2
21	89	3
32	72	5
36	71	2
17	39	3
21	26	4
23	32	4
23	57	3
26	90	2
8	23	2
8	89	3
17	66	2
17	49	2
17	54	2
28	39	2
28	49	3
49	89	2
57	66	1
57	96	1
58	67	1
66	89	1
67	72	1
67	90	1
67	96	1
3	5	1
3	8	1
3	12	1
3	13	1
3	20	1
3	35	1
3	40	1
3	78	1
3	89	2
5	20	1
5	34	1
5	35	1
5	39	1
5	45	1
5	58	1
5	78	1
8	20	1
8	53	1
8	62	1
8	78	1
12	13	1
12	53	1
13	20	1
13	34	1
13	58	1
13	78	1
20	39	1
20	40	1
20	53	1
20	78	1
20	92	1
21	34	1
21	62	1
21	78	1
21	86	1
21	92	1
34	62	1
34	78	1
34	89	1
34	92	1
35	40	1
35	53	1
35	58	1
35	62	1
35	92	1
39	53	1
39	98	1
40	53	1
40	78	1
40	92	1
45	53	1
45	78	1
53	58	1
53	62	1
53	92	1
58	78	1
58	86	1
58	89	2
58	92	1
62	78	1
35	78	2
45	98	3
12	78	2
20	58	2
34	45	3
34	40	2
39	92	2
3	62	3
34	35	2
57	89	2
12	35	3
12	62	2
21	58	3
13	45	5
5	12	2
13	62	2
13	86	2
8	86	2
3	21	2
39	86	3
5	62	2
45	86	2
45	92	2
62	86	2
62	92	2
3	45	2
39	62	3
12	86	3
12	39	3
8	92	2
13	98	4
20	86	2
5	8	2
3	39	3
3	53	2
66	67	2
12	34	3
12	58	3
40	86	2
5	86	2
5	40	2
13	39	3
53	89	2
8	98	3
34	98	3
40	62	2
58	62	2
13	40	2
5	13	2
8	13	2
8	35	3
21	53	2
35	86	2
20	21	2
20	62	2
35	98	3
35	89	2
34	86	4
12	21	3
12	45	2
12	98	3
20	98	2
8	45	4
21	45	4
34	39	4
34	58	2
90	96	2
5	21	3
5	92	2
5	98	3
13	53	2
13	89	2
66	96	6
21	98	4
53	98	2
57	72	2
89	96	2
13	21	3
39	45	5
8	34	3
20	35	2
58	72	2
8	12	2
12	92	3
5	53	3
53	86	2
40	45	3
5	89	3
12	89	3
58	96	5
35	39	2
40	98	3
20	45	3
20	89	2
45	89	2
62	89	2
3	58	2
3	98	2
57	58	3
57	90	3
58	90	2
58	98	2
12	20	4
57	67	2
20	34	2
78	86	1
78	98	1
11	49	1
37	71	1
1	6	1
1	27	1
1	31	1
1	38	1
1	59	1
6	38	1
6	52	1
6	74	1
7	24	1
7	51	1
7	52	1
7	74	1
7	85	1
9	24	1
9	27	1
9	74	1
24	27	1
24	31	1
24	38	1
24	51	1
24	52	1
24	59	1
24	78	1
24	95	1
27	31	1
27	51	1
27	52	1
27	85	1
31	35	1
31	51	1
31	59	1
31	85	1
31	95	2
38	51	1
38	78	1
51	52	1
51	59	1
51	74	1
51	78	1
51	95	1
52	59	1
52	78	1
59	74	1
59	78	1
78	85	1
6	21	1
6	23	1
6	24	2
6	50	1
6	84	1
21	47	1
21	50	1
21	81	1
21	83	1
21	84	1
23	29	1
24	33	1
24	47	1
24	50	1
24	81	1
24	83	1
24	84	1
29	50	1
29	84	1
33	83	1
33	84	1
9	78	2
78	92	2
23	24	2
37	66	2
35	59	3
1	7	2
1	78	2
11	66	2
33	50	2
78	89	2
38	95	3
38	85	2
6	27	2
44	49	2
38	74	2
21	43	4
74	95	2
1	74	2
9	52	2
24	74	2
9	35	3
7	38	2
38	52	3
6	98	3
6	29	2
6	35	2
6	51	2
89	98	2
35	52	2
1	85	6
1	9	3
35	38	2
62	98	2
51	85	2
27	74	3
92	98	2
27	38	3
38	59	3
29	47	3
29	81	3
35	95	2
21	23	3
23	43	2
23	50	4
24	29	2
29	83	2
35	51	2
35	85	3
86	98	3
74	85	3
6	33	3
27	35	2
27	95	2
6	7	2
29	33	4
35	74	2
9	31	2
52	85	4
33	98	5
24	35	2
9	85	3
33	47	6
21	24	3
11	71	2
37	44	3
31	74	4
6	43	2
29	98	4
21	29	3
24	43	2
24	85	3
23	47	2
23	83	2
33	81	6
1	95	3
52	95	3
43	47	3
7	95	2
7	59	3
29	43	5
9	51	2
23	84	2
23	81	2
9	59	3
7	31	2
44	66	2
24	98	2
21	33	2
33	43	3
6	59	2
6	83	2
11	37	2
11	44	2
1	35	3
31	52	3
9	38	3
23	98	3
6	9	2
7	9	3
9	95	2
44	71	3
59	85	2
59	95	2
85	95	3
50	84	1
50	98	1
81	83	1
83	84	1
10	78	1
10	92	1
12	17	1
12	48	1
17	78	1
23	92	1
48	63	1
48	78	1
48	92	1
61	63	1
61	78	1
61	92	1
63	78	1
12	79	3
39	85	1
63	79	1
63	86	1
64	73	1
64	79	1
73	87	1
73	95	1
86	87	1
86	95	1
87	97	1
3	18	2
3	30	1
3	34	2
3	56	1
3	64	1
3	66	1
3	77	1
30	56	1
30	64	1
34	46	1
34	82	1
39	77	3
9	23	5
39	82	1
39	95	2
50	56	1
50	63	1
50	66	1
50	82	1
50	87	1
63	64	2
63	95	2
1	70	3
1	97	4
3	50	2
23	78	2
39	46	2
39	73	3
39	87	3
48	61	3
39	56	2
70	86	2
81	84	2
73	97	2
34	50	2
47	81	4
43	84	2
30	50	2
39	79	2
1	87	2
18	30	3
30	34	3
3	87	2
30	63	3
50	64	2
30	82	2
39	50	4
70	97	4
43	81	4
12	87	2
12	97	3
84	98	2
18	39	3
56	63	2
43	83	3
63	70	2
1	12	2
9	48	2
23	48	3
30	87	4
47	50	2
50	81	2
70	73	3
73	85	2
73	86	2
10	17	2
50	83	2
63	97	2
12	73	3
23	61	3
30	46	2
85	87	3
70	87	3
34	63	3
63	87	4
1	64	2
1	86	2
17	63	2
10	12	2
12	70	4
47	83	2
12	95	3
34	66	3
18	66	3
79	87	2
17	48	2
79	95	2
79	86	4
46	64	2
23	63	2
70	79	2
18	77	2
18	82	2
46	82	2
73	79	2
1	79	2
9	61	2
46	63	2
79	85	2
46	77	3
18	63	3
46	87	3
79	97	4
50	77	3
64	86	3
12	63	6
43	50	3
1	63	2
3	63	2
10	63	2
63	85	2
12	85	3
47	98	4
9	17	2
39	70	4
34	77	2
43	98	5
10	23	4
34	64	3
39	64	3
81	98	6
9	12	4
63	66	1
63	77	1
64	82	1
1	33	1
1	42	1
1	46	1
1	50	1
1	73	2
1	88	1
1	89	1
7	42	1
7	54	1
7	57	1
7	70	1
23	42	1
23	46	1
25	39	1
25	50	1
25	57	1
25	78	1
25	89	1
33	39	1
33	57	1
33	89	1
39	42	1
42	46	1
42	57	1
42	70	1
42	73	1
42	78	1
42	88	1
42	89	1
46	78	1
50	57	1
50	70	1
50	78	1
50	97	1
54	73	1
57	65	1
57	73	1
57	78	1
57	88	1
65	73	1
70	78	1
73	78	1
78	88	1
89	97	1
12	61	2
12	93	1
19	61	1
21	61	1
55	61	1
55	93	1
10	76	1
22	41	1
58	61	2
1	25	2
23	97	2
4	61	2
58	80	3
10	87	4
39	65	2
25	65	2
75	80	4
33	46	4
39	88	3
73	89	2
1	65	4
39	89	4
50	73	2
65	88	2
10	22	2
23	33	3
77	82	3
22	38	2
19	55	2
33	70	2
46	73	2
10	41	2
46	65	2
1	23	3
12	19	5
7	89	2
7	88	2
10	52	4
10	99	2
33	88	2
4	21	5
55	75	2
46	57	2
25	54	3
7	50	2
10	96	2
66	87	2
46	88	3
65	97	2
33	73	3
10	82	3
4	55	2
46	54	2
50	54	2
4	75	5
4	80	4
4	58	2
57	97	2
7	33	3
7	73	2
19	75	4
19	80	3
19	58	2
33	54	2
25	46	2
25	73	2
70	88	2
4	12	3
7	46	3
1	54	2
12	55	3
64	77	2
23	73	3
21	80	2
4	93	3
39	97	5
10	85	4
19	93	2
21	93	2
23	88	3
58	75	2
50	88	4
61	80	3
42	50	2
75	93	2
77	87	2
7	25	3
65	70	2
65	89	2
70	89	2
80	93	5
64	66	2
10	75	3
12	80	3
23	70	2
61	93	4
46	97	3
21	75	3
1	57	2
54	97	3
88	89	2
56	66	3
10	38	3
12	75	3
33	42	3
55	58	2
56	77	2
56	82	3
23	65	5
33	65	2
33	97	5
25	42	2
25	70	2
22	52	1
22	69	1
22	75	1
22	76	1
22	82	1
22	85	1
22	96	1
22	99	1
38	75	1
38	76	1
38	99	1
41	52	1
41	76	1
41	82	1
41	87	1
41	99	1
52	69	1
52	76	1
52	99	1
69	82	1
82	85	1
82	99	1
85	99	1
96	99	2
2	41	1
2	62	1
2	79	1
2	92	1
11	13	1
11	27	1
11	36	1
11	39	1
11	41	1
11	62	1
11	79	1
11	97	1
13	27	1
13	74	1
13	92	2
18	27	1
27	62	1
27	67	1
27	92	1
30	41	1
30	62	1
30	67	1
36	67	1
36	86	1
36	92	1
39	41	1
39	74	1
41	45	1
41	62	1
41	67	1
41	74	1
41	91	1
41	92	1
67	92	1
67	97	1
74	92	1
79	92	1
92	97	1
3	36	1
3	38	1
3	48	1
3	54	1
3	95	1
36	62	2
74	97	3
28	59	4
75	76	2
67	79	2
11	18	2
62	67	2
30	86	2
79	91	2
27	30	2
27	45	2
52	75	3
67	74	3
38	87	4
38	69	3
52	82	2
27	79	4
91	92	2
18	62	2
27	41	2
30	74	2
27	86	2
67	86	3
30	91	3
38	41	2
11	30	2
41	97	2
41	86	2
62	97	2
72	88	2
75	99	2
45	97	4
2	67	3
69	75	2
41	75	2
2	18	4
22	87	3
45	91	3
45	74	3
11	74	2
13	91	2
82	87	3
27	97	3
45	79	2
18	79	2
38	82	2
38	96	2
2	13	3
13	97	3
13	79	2
30	79	2
2	74	2
11	67	2
11	91	2
28	88	3
2	30	3
2	86	3
11	86	3
18	74	2
75	96	3
52	87	4
74	86	2
74	91	2
86	91	3
36	74	4
74	79	3
3	4	2
4	29	2
41	69	3
16	59	5
2	45	5
18	45	2
30	97	3
75	87	2
13	30	3
67	91	2
4	36	2
13	36	2
13	41	2
18	41	2
36	41	2
41	96	2
2	11	3
11	45	2
13	67	2
45	67	2
16	88	4
69	85	3
76	85	2
4	38	4
85	96	2
4	45	3
75	82	2
82	96	4
18	67	2
75	85	3
11	92	2
52	96	3
30	45	4
62	91	2
4	32	3
36	79	3
3	72	2
76	82	4
41	85	3
4	87	1
29	38	1
29	48	1
29	87	1
29	95	1
32	62	1
36	38	1
36	48	1
38	48	1
38	72	1
48	87	1
48	95	1
54	62	1
62	87	1
4	90	1
43	90	1
1	5	1
1	62	1
1	80	1
1	94	1
4	23	1
12	38	3
48	54	2
5	23	1
5	24	1
5	25	1
5	48	1
5	61	1
5	67	1
5	74	1
5	94	1
10	25	1
10	67	1
23	25	2
23	74	1
24	25	1
24	37	1
24	61	1
24	62	1
24	65	1
24	80	1
24	94	1
25	48	1
25	61	1
25	67	1
25	74	1
48	62	2
52	98	2
48	94	1
61	74	1
61	85	1
62	74	3
62	85	1
62	94	1
15	39	1
15	52	1
15	57	1
15	70	1
1	37	3
32	48	2
48	67	2
12	57	2
15	55	2
37	67	2
37	94	2
29	36	2
29	74	3
5	65	2
4	94	2
65	94	2
10	62	2
29	62	2
1	24	3
23	62	2
62	72	2
4	95	2
62	65	2
67	80	3
45	62	4
65	74	2
29	54	2
32	36	5
74	94	2
10	48	3
1	67	2
23	37	3
12	52	2
4	5	3
23	85	2
45	87	2
74	87	2
65	67	2
65	85	2
67	85	2
5	10	2
48	65	2
15	63	3
10	65	2
10	94	3
32	74	3
72	74	3
32	87	2
36	87	2
37	74	3
37	85	3
32	95	2
4	54	5
4	62	3
37	48	2
25	62	2
4	85	4
38	62	2
62	95	2
12	18	3
38	54	2
37	61	4
48	72	2
48	74	3
15	34	2
29	32	3
45	95	3
1	4	2
1	48	2
4	10	2
4	67	2
5	80	2
10	24	2
10	74	3
38	45	2
37	62	2
61	62	3
61	65	3
4	65	3
4	24	3
24	48	2
48	80	2
29	45	2
29	72	4
10	80	3
23	80	2
23	94	2
5	37	2
5	85	2
25	80	3
25	94	2
4	37	2
4	74	4
48	85	2
80	85	4
54	74	4
15	87	4
80	94	4
12	15	2
12	37	4
15	38	3
32	38	2
32	45	4
36	45	3
36	54	2
45	54	3
37	80	3
45	72	3
62	80	3
34	38	1
34	55	1
34	57	1
34	70	1
37	57	1
37	70	1
38	57	1
38	70	1
39	52	1
39	55	1
52	57	1
52	63	1
52	70	1
55	57	1
57	63	1
16	50	1
16	73	1
22	23	1
22	39	1
22	45	1
22	48	1
22	73	1
23	27	1
23	30	1
23	77	1
27	48	1
27	73	1
45	50	1
45	73	1
48	73	1
48	88	1
73	77	1
73	88	2
77	88	1
15	22	1
15	27	1
22	27	2
22	40	1
22	44	1
22	68	1
22	94	1
27	40	1
27	44	1
27	68	1
27	87	1
38	44	1
40	44	1
44	87	1
22	60	1
30	83	1
60	83	1
36	46	1
73	94	1
6	30	1
6	44	1
6	70	1
6	73	1
8	44	1
8	70	1
8	91	1
28	29	1
28	33	1
28	51	1
28	70	1
28	73	1
29	30	1
29	51	1
29	70	1
29	73	1
29	91	1
29	92	1
28	91	2
30	73	2
32	73	2
37	55	2
27	50	2
27	88	2
32	77	2
29	55	2
8	55	3
8	81	3
40	94	2
10	15	3
16	23	2
18	38	3
37	38	2
18	57	2
22	88	3
34	52	4
19	32	4
19	30	2
10	68	3
6	8	2
6	81	3
8	33	2
8	85	2
10	27	2
27	94	3
29	86	2
30	32	3
18	37	5
18	52	3
22	32	2
28	81	3
22	83	2
32	50	2
38	68	3
19	33	2
38	55	3
40	87	3
8	19	2
19	44	5
16	48	2
28	98	2
8	29	2
2	46	5
55	63	2
22	50	3
68	94	3
19	72	2
44	94	2
19	98	2
34	95	2
16	77	2
27	32	2
27	77	3
10	40	4
30	44	2
19	29	2
48	50	2
29	44	2
29	85	2
38	40	3
34	37	5
45	88	2
8	30	4
40	68	4
37	52	4
18	70	2
55	70	3
19	70	3
6	91	3
15	94	2
19	51	3
10	44	3
19	91	3
16	45	3
8	73	2
37	73	2
30	33	3
30	60	2
30	88	3
37	39	2
38	39	2
38	63	3
48	77	2
18	87	5
87	95	6
23	45	3
19	81	3
16	32	3
15	68	5
52	55	3
8	51	3
28	44	2
44	68	3
32	88	3
57	87	2
68	87	3
30	48	2
30	51	2
30	70	2
39	48	2
45	77	4
32	44	1
33	44	1
33	51	1
33	72	1
33	92	1
44	51	1
44	55	1
44	72	1
44	73	1
44	86	1
44	98	1
51	55	1
51	72	1
51	86	1
51	91	1
51	92	1
51	98	1
55	73	1
55	86	1
55	92	1
70	92	1
72	73	1
72	81	1
72	85	1
72	92	1
73	81	1
73	91	1
73	92	1
73	98	1
81	92	1
85	91	1
86	92	4
4	27	1
4	50	1
20	27	1
20	28	1
20	38	1
20	49	1
20	69	1
20	71	1
20	93	1
27	28	1
27	59	2
27	65	1
27	69	1
27	71	1
27	93	1
28	41	1
28	94	1
38	50	1
38	71	1
38	86	1
38	93	1
38	94	2
41	46	1
41	50	1
41	79	2
41	94	1
46	49	1
50	79	1
50	94	1
59	65	1
59	79	1
65	79	1
69	79	1
79	88	1
79	93	1
55	85	2
27	46	2
71	93	3
27	49	2
49	50	2
49	86	2
69	94	2
51	70	2
50	69	2
59	71	4
4	59	3
32	81	3
46	71	3
46	93	3
46	94	2
69	88	3
59	86	2
71	88	3
49	65	3
65	86	2
4	49	3
44	81	2
28	79	2
33	86	2
71	79	2
4	46	4
71	94	2
30	98	2
32	55	3
41	59	2
4	28	3
20	79	2
4	79	2
55	91	2
38	79	2
46	79	3
30	81	2
65	71	2
28	50	2
85	98	2
38	46	3
72	98	5
28	93	2
46	59	3
32	51	2
50	71	2
50	86	2
59	93	2
71	86	3
81	86	2
69	86	2
72	86	2
28	71	3
4	71	2
72	91	3
65	93	3
49	79	2
20	65	2
4	88	3
4	86	3
41	49	2
41	93	2
44	85	2
49	88	2
50	59	3
41	65	2
32	85	4
33	91	2
41	71	2
81	91	2
70	72	2
70	98	2
4	20	2
20	88	4
59	94	2
20	94	2
44	70	2
20	50	3
51	73	2
20	41	2
51	81	2
33	85	3
4	69	4
28	38	2
28	69	2
38	49	2
38	88	2
49	69	4
59	69	3
44	92	2
32	33	3
32	91	2
32	98	5
38	65	2
55	81	5
55	98	7
91	98	4
4	41	4
20	59	4
41	88	2
70	81	2
70	85	3
81	85	3
46	69	3
69	93	4
70	91	3
86	88	1
88	93	1
2	5	1
2	28	1
5	28	1
5	47	1
8	47	1
28	56	1
7	60	1
7	81	1
7	98	1
7	99	1
10	88	1
29	60	1
29	75	1
29	88	1
33	59	1
33	99	1
47	99	2
47	75	1
55	62	1
56	71	1
59	62	1
60	62	1
60	71	1
62	71	1
62	81	1
62	88	1
62	99	1
71	75	1
71	99	1
88	99	1
1	72	1
8	71	1
10	59	2
10	71	2
40	55	3
30	40	1
40	71	1
52	71	1
71	72	3
97	98	4
3	7	1
3	23	1
3	61	1
3	96	1
7	23	2
7	49	1
10	33	5
7	69	1
23	69	1
23	93	1
39	93	1
43	61	1
43	62	1
49	61	1
49	62	1
50	61	1
50	62	1
43	96	3
30	71	2
30	72	4
55	59	2
86	94	2
59	98	2
71	98	2
7	71	2
56	88	2
60	98	2
1	8	3
40	97	3
3	65	2
1	40	2
40	52	2
5	56	2
10	56	5
56	81	2
33	55	5
7	56	3
55	60	2
62	75	2
56	98	3
8	56	2
10	47	2
39	61	2
29	71	2
33	71	2
3	93	3
10	97	5
10	81	3
52	97	2
59	81	4
7	47	2
7	75	2
33	62	2
47	62	2
10	30	3
2	8	2
1	55	2
2	47	3
47	88	5
47	97	2
56	97	3
97	99	2
59	97	2
71	81	2
86	93	2
52	72	2
75	98	2
29	97	2
29	99	2
43	69	2
72	97	2
8	97	3
98	99	2
3	43	2
3	49	2
3	69	2
59	75	2
10	60	3
43	49	3
43	93	2
49	93	4
88	98	3
8	52	2
30	52	3
55	71	3
47	55	3
55	88	2
7	10	2
7	29	2
7	43	2
7	61	2
8	10	3
10	29	3
10	72	2
29	59	2
39	43	2
56	60	4
10	98	3
60	97	2
88	94	2
81	88	2
39	49	3
61	69	3
60	88	2
2	56	3
7	93	2
7	96	3
33	60	2
33	75	2
60	75	4
10	55	5
7	62	4
55	97	5
56	62	2
56	75	3
1	71	2
47	71	4
59	99	2
75	81	2
75	88	2
75	97	3
47	56	3
62	69	1
62	93	1
22	24	1
24	88	1
2	53	1
2	59	1
2	69	1
2	71	1
15	53	1
15	71	1
15	72	1
16	46	1
16	71	1
46	53	1
47	53	1
47	72	1
53	59	1
53	88	1
69	71	2
71	87	1
2	6	1
2	14	1
2	22	1
34	91	3
2	88	2
6	14	1
6	22	1
6	34	1
6	63	1
14	22	1
14	34	1
14	56	1
14	63	1
14	87	1
14	88	1
14	91	1
22	34	1
22	56	1
22	63	1
22	91	1
22	98	1
34	88	1
15	30	2
8	83	1
3	26	1
3	37	1
3	74	2
26	53	1
37	53	1
53	74	1
26	29	1
26	74	2
29	67	1
66	74	1
1	60	1
9	40	2
2	49	1
2	60	1
2	64	1
9	67	1
9	86	1
12	49	1
12	65	1
12	67	1
16	67	1
23	34	1
23	52	1
23	86	1
34	49	1
34	67	1
37	40	1
47	87	3
37	64	1
37	86	1
40	64	1
40	85	1
49	64	1
52	60	1
52	64	1
52	67	1
60	64	1
60	65	2
60	67	1
23	60	2
87	98	2
2	9	2
30	59	2
87	91	2
49	52	2
23	64	2
12	40	3
62	96	2
9	65	4
14	98	2
83	97	2
66	79	3
2	12	2
2	63	2
29	66	2
26	43	2
63	98	2
87	88	3
2	37	2
12	16	2
16	52	2
16	86	2
30	69	3
52	86	2
64	85	3
29	79	3
43	79	3
1	16	2
9	16	2
15	47	2
16	49	3
49	85	3
1	2	2
1	34	2
1	52	4
2	34	4
2	52	3
2	87	3
34	87	4
52	65	2
26	65	2
53	65	3
53	71	2
1	49	3
9	37	5
9	64	2
16	37	2
34	60	2
43	66	2
54	66	3
37	60	4
26	79	2
2	72	3
9	49	2
53	60	2
30	53	2
34	85	2
46	72	2
9	60	3
47	69	3
49	60	2
63	88	2
63	91	2
88	91	2
2	85	2
15	46	2
93	96	3
21	74	2
60	74	2
16	34	4
15	88	2
43	67	2
59	87	2
64	67	3
43	74	3
2	23	2
2	65	3
34	65	3
40	65	2
21	79	4
54	79	3
56	91	3
16	85	3
15	16	3
15	59	3
16	47	2
16	60	2
26	37	2
26	60	3
9	34	3
4	22	1
17	22	1
17	31	1
22	31	1
28	31	1
5	79	1
5	87	1
21	87	1
40	56	1
40	60	2
60	87	1
6	10	1
6	77	1
6	79	1
8	27	1
8	46	1
10	46	1
10	90	2
10	95	1
27	33	1
27	37	1
27	61	1
27	81	1
27	90	1
33	61	1
33	95	1
37	79	1
37	90	1
61	79	1
61	81	1
61	90	1
77	90	1
81	90	1
90	95	1
29	80	1
29	90	1
33	80	3
33	90	2
34	71	1
34	79	1
34	80	1
34	90	1
71	90	1
79	94	4
86	90	2
10	79	3
10	36	1
10	37	3
30	42	1
30	80	1
32	35	1
32	42	1
32	52	1
32	80	1
32	93	1
56	79	2
33	36	1
33	37	2
33	49	1
40	82	3
33	87	1
33	93	1
35	47	3
35	42	1
35	49	1
35	87	1
36	37	1
36	47	1
36	52	1
36	85	1
36	93	1
42	47	1
42	49	1
42	80	1
42	85	1
42	87	1
42	93	1
47	52	1
47	74	1
6	37	2
49	80	1
49	87	1
52	80	1
74	80	2
74	93	1
18	22	1
22	37	1
22	54	1
32	37	2
37	89	5
37	83	1
33	79	3
79	82	3
47	79	2
47	80	3
79	90	4
21	82	3
4	31	3
55	79	2
79	81	2
21	56	2
33	35	3
35	81	5
35	93	2
22	46	2
22	89	2
29	34	2
37	47	4
46	81	3
77	81	2
33	34	2
21	60	3
29	94	2
47	49	2
49	74	2
77	79	2
80	90	2
10	49	2
10	93	2
85	93	2
32	83	3
8	61	2
8	77	2
8	95	2
30	49	2
30	93	2
37	77	2
46	95	3
52	93	2
82	98	2
37	42	2
5	55	2
37	49	4
10	77	3
35	46	4
10	21	3
36	42	2
35	80	3
60	79	2
79	80	3
90	94	2
8	37	3
5	60	2
80	86	3
33	94	2
34	94	2
37	95	4
37	81	2
10	42	2
35	61	2
71	80	3
42	52	2
60	82	2
18	83	2
5	82	2
30	37	4
33	52	2
33	77	3
42	74	2
55	82	2
10	32	2
8	79	3
40	79	3
6	61	2
37	46	3
47	93	2
32	54	4
81	95	2
34	47	2
35	37	3
46	61	3
47	94	2
87	93	3
37	50	3
61	77	3
46	83	1
54	83	1
83	89	1
4	7	1
4	40	1
4	66	1
4	73	1
7	12	1
7	18	1
7	19	1
7	40	1
7	68	1
7	79	1
7	82	1
12	66	1
12	96	1
18	40	1
18	73	1
19	38	1
19	62	1
19	73	2
25	38	1
25	68	1
33	66	1
38	58	1
38	66	1
38	73	1
38	80	1
40	73	1
46	58	1
47	66	1
47	73	1
47	82	1
47	96	1
58	73	1
58	79	1
62	66	1
62	68	1
62	73	1
62	79	2
62	82	1
66	73	1
68	73	1
68	79	1
73	80	1
73	82	1
73	96	1
80	82	1
1	14	1
1	81	1
1	98	1
9	14	1
13	14	1
13	28	1
13	54	1
13	85	1
14	28	1
14	30	1
14	35	1
14	43	1
14	55	1
14	81	1
14	85	1
28	43	1
30	43	1
35	54	1
2	43	1
12	33	2
12	46	2
18	68	4
18	33	2
18	58	3
26	63	1
33	40	2
33	63	1
35	43	2
35	63	1
46	66	3
46	96	2
50	89	3
4	96	2
4	68	2
68	80	3
2	33	2
19	96	2
54	98	2
1	43	2
54	81	2
66	80	3
4	18	3
13	43	2
13	81	2
47	58	2
18	55	4
18	98	3
2	35	2
35	79	3
26	46	2
8	43	2
9	43	2
9	79	2
12	26	2
19	82	3
26	47	2
25	33	3
30	85	4
4	47	2
9	28	2
9	54	2
33	58	2
38	47	3
47	68	3
1	28	2
66	68	2
4	33	2
12	68	2
2	26	3
7	58	2
25	58	2
25	79	2
79	96	2
58	66	4
4	82	2
33	96	2
18	43	3
12	82	2
19	68	3
30	54	3
14	54	2
33	82	3
58	82	3
12	25	2
68	96	3
2	38	2
2	55	2
2	81	2
9	13	2
9	55	2
9	98	2
13	55	3
26	33	2
26	38	2
26	55	2
40	46	2
26	97	2
26	98	2
33	38	3
33	68	3
14	79	2
43	54	3
19	40	2
19	66	2
19	79	3
25	40	2
25	66	3
25	82	2
25	96	3
46	62	2
18	81	2
1	13	2
58	68	3
12	43	2
12	81	2
25	47	2
43	85	3
54	85	2
18	25	2
18	26	2
18	47	5
19	25	4
26	35	4
26	81	3
40	47	2
46	68	3
38	43	1
43	46	1
46	55	1
46	98	1
63	81	1
11	22	1
11	28	1
11	35	1
11	50	1
11	59	1
11	64	1
11	77	1
11	81	1
11	93	1
22	59	1
22	64	1
22	67	1
22	71	1
22	77	2
22	80	1
22	81	1
22	86	1
22	93	1
28	64	1
28	77	1
28	80	1
35	50	1
35	64	1
35	71	1
46	50	5
50	67	1
50	80	1
50	93	3
59	77	1
64	71	1
64	89	1
64	93	1
67	71	1
67	77	1
67	81	1
67	89	2
71	77	1
77	86	1
77	89	1
80	81	1
81	89	1
81	93	1
89	93	1
2	19	1
2	54	1
4	11	1
4	34	1
4	52	1
11	16	1
11	31	1
11	34	1
11	52	1
11	72	1
11	75	1
11	84	1
11	98	1
16	68	1
19	31	1
19	48	1
19	52	1
19	74	1
31	34	1
31	48	1
31	84	1
31	86	1
34	54	1
34	68	1
34	74	1
48	52	1
48	84	1
48	98	1
52	54	1
52	91	1
54	86	1
68	72	1
68	75	1
68	86	1
72	84	1
74	84	1
84	86	1
84	91	1
16	27	3
16	74	2
16	83	1
16	94	1
16	98	2
27	29	1
27	43	1
27	72	1
27	83	1
27	98	1
27	99	1
29	77	1
32	79	1
32	94	1
32	99	1
52	68	2
74	98	2
4	84	2
16	79	2
34	72	2
59	67	2
43	63	2
80	89	2
2	75	2
34	48	2
68	84	2
48	75	2
34	84	2
52	84	2
16	19	5
77	93	2
4	98	2
32	97	3
2	4	2
71	89	2
54	75	3
4	16	3
4	48	4
35	67	2
67	93	2
16	29	3
48	86	2
75	86	2
4	91	2
47	63	2
54	91	2
59	89	2
2	48	3
11	46	2
11	48	2
11	89	2
48	68	2
31	75	2
54	84	2
74	75	2
64	81	2
59	80	2
11	19	2
11	54	2
11	68	3
72	75	2
31	91	2
43	55	5
52	74	4
68	74	2
2	31	2
2	68	3
31	68	3
31	98	2
43	97	4
38	81	2
38	98	2
18	48	2
68	98	2
16	75	2
19	84	2
35	77	3
18	84	3
2	98	5
19	34	2
16	84	2
32	43	3
59	64	5
75	84	3
46	67	3
68	91	3
18	75	3
34	75	3
48	91	2
75	91	4
35	97	2
36	83	1
36	94	1
36	99	1
43	99	1
49	77	1
49	83	1
49	94	2
49	98	1
49	99	1
72	77	1
72	79	1
72	83	1
72	94	1
74	83	1
74	99	1
77	83	1
77	94	1
77	98	1
77	99	1
79	83	1
79	98	3
79	99	1
83	99	1
94	97	1
94	98	1
94	99	1
1	3	1
1	15	1
1	21	1
1	29	1
1	41	1
3	10	1
3	15	1
3	16	1
3	29	2
3	41	1
3	44	1
4	15	1
4	44	1
15	21	1
15	24	1
15	29	1
15	41	1
15	49	1
15	69	2
15	93	1
16	24	1
16	63	1
19	24	1
19	69	1
21	63	1
21	69	1
21	85	1
24	41	1
24	44	1
24	49	1
24	63	1
24	69	1
29	41	1
29	49	2
29	63	1
29	69	1
29	93	1
41	44	1
41	63	1
43	44	1
44	69	1
63	93	1
12	47	3
12	83	1
20	83	1
23	59	1
45	47	1
45	83	1
47	64	1
64	98	1
83	98	3
1	75	1
1	93	2
1	96	1
2	61	1
8	18	1
8	65	1
8	75	1
8	87	1
8	93	1
18	61	1
18	93	1
30	58	1
30	75	1
30	84	1
30	95	1
30	96	1
34	61	1
34	93	1
37	58	1
37	87	3
37	93	2
45	52	1
45	58	2
45	84	1
45	93	1
52	61	1
52	66	1
58	65	1
58	87	1
12	32	2
21	41	2
36	43	2
36	98	2
64	88	3
45	59	2
16	93	2
1	19	2
19	49	2
10	16	2
43	77	2
43	72	3
45	64	2
37	45	2
10	19	2
20	23	2
21	44	2
37	84	2
4	63	2
49	63	2
63	69	2
2	66	2
2	96	2
15	85	2
45	96	3
44	93	2
1	44	2
15	43	2
43	94	2
59	83	2
64	83	2
15	19	3
83	88	2
83	94	2
15	44	4
16	44	2
19	63	2
10	43	3
52	58	2
52	77	2
58	77	2
45	65	2
77	97	3
1	45	2
45	66	5
45	75	3
1	58	2
1	84	2
58	84	2
2	58	2
2	93	2
3	24	2
24	93	2
4	19	5
4	43	4
12	59	2
16	41	2
19	41	2
19	43	2
20	32	2
20	64	2
32	59	2
32	64	2
41	43	3
34	96	2
37	75	3
1	66	2
1	69	2
1	77	2
30	61	2
45	61	3
58	95	1
61	84	1
61	96	2
65	77	1
65	84	1
65	95	2
66	75	1
66	84	1
66	95	1
84	87	1
84	93	1
84	96	1
4	72	3
5	18	1
5	32	1
5	36	1
5	41	1
5	43	1
5	70	1
5	71	1
5	72	1
5	96	1
13	18	2
13	71	1
13	72	1
13	96	1
18	21	1
18	32	3
21	55	4
21	71	1
21	72	3
32	71	1
36	65	2
36	70	1
36	72	4
36	89	1
41	53	1
41	55	1
41	72	1
41	89	1
41	98	1
43	53	1
43	65	2
43	71	1
43	89	1
53	70	1
53	96	2
55	89	1
70	71	1
70	96	1
72	96	3
96	98	1
16	58	1
58	91	1
20	47	2
37	43	1
50	55	1
1	32	1
1	36	1
1	53	1
19	53	1
32	53	2
36	53	2
49	51	1
49	53	1
51	53	1
2	21	1
4	13	2
4	26	1
4	35	1
13	24	1
13	46	1
13	76	1
21	46	1
21	48	1
24	26	1
24	45	1
24	46	1
24	67	2
26	48	1
26	76	1
35	76	1
46	76	1
48	76	1
67	76	1
7	8	1
7	34	1
7	64	1
8	59	1
8	64	1
9	29	1
9	66	1
10	34	1
10	64	1
16	72	7
29	39	1
29	56	2
29	64	1
34	43	1
43	45	1
43	70	2
59	66	1
59	72	3
9	19	1
9	21	1
9	44	1
9	72	2
9	57	1
9	70	1
9	90	1
9	94	1
10	57	1
21	70	2
8	9	3
4	53	2
9	39	2
10	26	2
61	87	2
37	88	2
39	59	2
45	56	3
34	59	2
46	48	2
66	93	2
71	96	2
36	51	2
7	45	2
75	77	2
43	64	3
37	59	3
10	20	2
32	41	2
20	55	2
43	56	2
77	96	2
9	56	3
45	46	3
10	66	2
10	91	2
13	26	2
13	32	2
13	65	2
26	45	2
32	65	2
65	98	2
16	66	3
19	36	2
21	76	3
36	96	2
45	76	3
9	75	3
9	45	3
9	91	5
9	80	2
65	75	2
2	24	2
2	76	2
24	76	2
4	70	2
16	43	4
20	43	3
32	70	3
41	70	2
43	59	4
43	88	3
91	93	2
93	95	2
9	20	3
1	51	3
10	35	4
10	39	2
10	45	3
10	70	2
13	48	2
13	70	2
61	66	2
66	77	3
12	56	1
12	60	2
12	90	1
12	91	1
12	94	1
19	23	1
19	57	1
19	94	1
20	26	1
20	44	1
20	57	1
20	60	1
20	90	1
21	35	4
21	91	1
21	94	1
23	35	1
23	44	1
23	56	1
23	75	1
23	79	1
23	90	2
26	70	1
26	75	1
26	80	1
26	94	1
35	57	1
35	75	1
35	91	1
35	94	1
44	75	1
44	79	1
44	90	1
44	91	2
56	57	1
56	70	1
56	90	1
56	94	1
57	79	1
60	70	1
60	94	1
70	80	1
70	90	1
75	79	1
75	90	1
75	94	1
90	91	1
17	93	1
48	60	1
8	63	1
8	84	2
9	73	1
9	84	1
12	23	5
12	51	1
23	51	1
37	51	1
51	63	1
51	84	1
51	89	1
63	73	2
63	84	1
73	84	1
84	89	1
4	57	1
5	57	1
5	69	1
5	75	1
5	97	1
53	57	1
53	75	1
53	97	1
57	60	2
57	75	2
57	80	2
57	85	1
57	86	1
60	80	2
60	86	4
80	97	1
86	97	3
5	51	1
5	81	1
5	99	1
51	99	1
25	30	1
25	53	1
30	76	1
30	94	1
33	53	1
34	53	2
34	76	1
53	85	2
53	94	1
76	94	1
85	94	2
4	9	1
4	30	1
4	39	1
33	76	2
4	89	2
9	30	2
9	47	1
9	63	3
9	69	1
9	88	1
20	56	3
17	37	1
17	38	1
17	60	2
17	89	3
17	91	1
28	37	1
28	63	1
28	89	4
30	38	1
30	47	3
54	63	2
37	69	1
38	60	1
38	89	1
39	47	1
39	60	1
39	63	4
47	54	1
49	59	2
49	91	1
60	69	2
60	91	2
54	59	2
44	80	2
4	17	3
12	84	2
4	60	3
54	60	2
17	59	2
17	80	2
12	44	2
30	89	2
37	63	4
63	89	3
23	91	2
26	91	2
38	91	2
19	21	4
19	90	3
25	76	2
20	80	2
37	91	3
17	30	2
80	91	2
44	57	2
4	97	3
19	20	2
20	70	2
20	91	3
70	75	2
19	26	2
19	35	2
19	56	2
25	34	2
26	44	2
26	56	2
35	44	2
35	56	2
35	60	2
44	56	2
47	59	6
47	91	2
57	69	2
57	91	2
57	94	2
70	94	2
91	94	2
20	75	4
17	69	2
30	39	5
69	97	2
59	63	1
59	91	1
60	63	1
60	89	2
69	89	1
11	56	1
11	80	2
11	85	1
11	96	1
15	48	1
15	66	1
15	96	1
45	85	1
46	85	2
48	56	1
56	85	1
66	85	1
68	85	1
7	44	1
7	66	4
7	83	1
25	31	1
25	71	1
25	83	1
25	93	1
31	44	1
31	66	1
31	71	1
31	80	2
31	83	1
31	93	1
44	83	1
44	96	1
58	83	1
66	71	2
66	83	1
71	83	1
83	93	1
83	96	1
9	92	2
65	92	1
4	56	1
17	56	1
4	76	2
4	77	1
21	31	1
21	77	1
31	54	3
31	60	1
45	60	1
54	77	1
60	76	1
60	77	1
74	76	1
76	77	1
6	15	1
6	17	2
6	18	4
6	64	2
6	67	1
6	68	1
6	87	3
6	88	2
6	94	1
15	17	1
15	64	1
15	67	1
15	80	3
15	83	1
17	43	1
17	64	1
17	68	1
17	83	1
17	87	1
17	88	2
17	94	1
18	88	1
18	94	1
43	80	1
43	87	1
59	68	1
64	68	1
64	94	1
67	83	1
67	88	1
68	83	1
68	88	1
80	83	2
80	87	3
80	88	1
83	87	1
5	11	1
5	15	1
5	19	1
5	30	1
5	44	1
5	54	1
5	63	1
5	68	1
11	12	1
11	15	2
11	63	1
11	82	1
12	30	1
15	54	1
15	82	1
15	89	1
15	92	1
19	89	2
19	92	3
30	68	1
30	92	3
37	54	3
37	68	1
37	82	1
37	92	1
44	54	1
44	63	2
44	82	1
44	89	1
54	68	2
6	80	3
54	89	5
54	92	1
63	68	1
63	82	2
63	92	2
68	89	1
68	92	1
82	89	1
82	92	1
10	58	1
20	31	1
20	33	1
20	52	1
20	68	1
20	74	1
20	77	1
20	82	1
31	45	2
31	42	1
31	43	1
31	56	2
31	58	2
31	77	2
31	82	2
31	96	3
43	68	2
56	68	2
68	82	3
74	77	3
74	82	2
10	31	2
15	45	2
31	33	3
33	45	2
45	82	2
54	76	3
54	82	3
7	80	3
45	80	2
46	56	4
56	80	4
89	91	2
44	58	2
58	71	2
20	97	2
15	37	3
15	56	2
18	59	2
19	37	2
25	44	2
67	68	2
67	87	2
69	91	2
87	94	3
20	96	2
48	96	2
17	97	2
48	66	2
42	43	1
42	55	1
42	56	1
42	58	1
42	68	1
42	77	1
43	52	1
43	58	1
43	82	1
52	56	1
55	56	4
55	74	1
55	77	1
56	58	1
58	74	1
58	97	1
68	77	1
74	96	1
2	10	1
2	32	1
9	10	4
9	15	1
9	26	2
9	32	1
9	33	1
9	68	1
9	81	2
9	97	1
13	15	1
13	23	1
13	31	1
13	33	1
13	38	1
13	68	1
15	23	1
15	31	1
15	32	1
15	33	1
15	65	1
15	91	1
15	97	1
15	98	1
23	26	3
23	31	1
23	38	1
23	55	1
23	68	1
26	31	1
26	40	2
26	68	1
31	32	1
31	38	2
31	40	1
31	81	1
31	97	2
32	40	2
32	68	1
38	97	2
40	81	1
45	55	1
45	68	2
45	81	1
55	65	4
55	68	2
65	68	1
65	81	1
68	81	1
68	97	2
8	14	2
8	16	2
8	21	3
8	25	1
8	36	1
8	42	1
8	76	1
8	82	1
14	16	1
14	19	1
14	21	1
14	25	1
14	36	1
14	40	1
14	42	1
14	45	1
14	51	1
14	66	1
14	76	1
14	82	1
14	90	1
14	96	1
14	97	1
16	40	2
16	42	1
16	51	1
16	82	1
16	96	2
19	42	1
19	45	1
19	76	1
21	25	1
21	36	3
21	42	1
21	51	1
21	97	1
25	36	1
25	45	1
25	51	1
25	90	1
36	76	1
36	82	1
36	90	2
36	97	5
40	42	1
40	51	1
40	66	3
40	76	1
40	96	3
42	45	1
42	51	1
42	54	2
42	66	1
42	76	1
42	79	1
42	82	2
42	90	1
65	91	2
42	97	3
45	90	1
51	54	1
51	76	1
51	79	1
51	82	1
51	90	1
51	96	1
66	76	1
66	82	3
66	90	3
76	79	1
76	96	3
76	97	1
82	97	2
90	97	1
96	97	2
6	20	1
6	45	1
6	62	1
6	75	1
7	20	1
7	37	1
7	72	3
9	46	1
9	62	1
9	89	3
20	46	2
20	61	1
20	72	1
37	72	1
46	75	1
46	80	4
76	90	2
82	90	2
37	56	2
16	97	4
19	97	2
20	95	2
25	97	3
81	97	4
15	26	2
15	81	2
16	25	3
40	91	2
20	37	3
42	96	3
10	13	2
45	51	2
51	66	2
51	97	2
66	97	2
56	61	1
56	72	3
56	89	1
61	72	1
61	75	3
61	89	1
72	89	3
72	95	3
75	89	1
80	95	3
89	95	1
1	18	2
1	47	1
1	68	1
28	47	4
28	58	2
28	68	1
28	84	1
44	84	1
47	84	2
57	71	1
57	84	1
68	71	1
71	84	1
2	3	1
2	57	1
2	82	1
2	90	1
3	57	1
3	76	1
3	82	2
24	57	1
24	58	1
24	72	1
24	82	1
24	90	1
57	76	1
57	82	1
57	98	1
58	76	1
58	93	5
72	76	2
72	82	1
72	90	3
72	93	1
76	93	1
76	98	1
82	93	1
90	93	1
90	98	1
93	98	1
4	25	3
4	64	1
4	81	1
12	41	1
12	54	2
12	64	4
12	88	2
16	20	1
16	70	1
19	54	4
19	64	1
19	88	1
19	95	1
20	25	1
20	54	1
20	81	1
20	84	1
20	85	1
25	32	1
25	41	1
25	43	1
25	64	1
25	75	1
25	84	1
25	85	3
25	88	2
25	95	1
32	75	1
32	84	1
41	54	1
41	64	1
41	81	1
41	84	1
41	95	1
43	75	1
43	95	1
54	64	2
54	70	2
54	88	3
54	95	3
59	70	1
59	84	1
59	88	9
64	70	2
64	75	1
64	84	1
64	97	2
70	84	1
75	95	3
84	85	1
84	88	1
84	97	1
85	88	1
85	97	3
88	95	1
88	97	3
95	97	2
15	18	3
15	25	1
15	35	1
15	60	1
15	99	1
16	26	1
16	81	2
18	19	4
18	35	2
18	44	2
19	47	3
19	59	2
19	99	1
25	26	1
25	35	1
25	37	2
25	56	1
25	59	2
25	60	1
25	81	2
25	99	1
26	34	1
26	59	1
26	99	1
34	44	1
34	56	4
34	81	1
34	99	1
35	99	1
37	99	1
44	47	2
44	59	1
44	60	2
44	99	1
56	59	3
56	99	3
59	60	3
60	81	2
60	99	2
81	99	3
40	57	2
40	61	1
40	67	3
40	69	1
40	70	1
40	93	1
40	95	2
46	70	2
46	91	2
47	57	2
47	61	1
47	67	1
47	70	1
47	95	1
57	61	1
57	68	2
57	70	4
57	93	2
57	95	2
61	67	2
61	68	1
61	91	2
61	94	2
61	95	4
67	69	1
67	70	1
67	94	3
67	95	1
68	69	1
68	70	1
68	93	1
70	95	4
91	95	2
18	34	6
61	70	2
68	95	1
70	93	1
93	94	2
94	95	1
9	18	1
9	42	1
9	50	1
9	96	1
18	20	1
18	42	1
18	50	3
18	65	4
18	91	3
20	42	2
20	48	1
34	42	1
37	65	5
37	96	2
42	48	1
42	65	2
42	75	1
42	91	1
50	65	4
50	75	1
50	91	1
50	96	2
65	96	5
91	96	1
1	10	4
1	17	1
1	30	4
1	39	3
1	61	3
10	51	1
10	61	4
10	69	3
13	17	1
13	35	4
13	51	1
13	61	1
13	66	1
13	69	1
13	77	1
17	35	1
17	45	1
17	51	1
17	61	2
17	70	1
17	77	1
30	77	4
35	45	3
35	48	2
35	69	1
35	70	2
39	51	1
39	66	4
39	69	3
45	48	5
45	69	1
45	70	1
48	51	1
48	69	1
48	70	1
48	97	1
51	61	1
51	69	1
51	77	1
61	97	1
66	69	1
66	70	1
69	70	2
69	77	1
70	77	1
\.


--
-- TOC entry 3446 (class 0 OID 16391)
-- Dependencies: 211
-- Data for Name: albums; Type: TABLE DATA; Schema: public; Owner: smp_user
--

COPY public.albums (id, title, release_date, cover_url) FROM stdin;
1	Dimensions 571	2019-12-02	/static/images/album_covers/0.png
2	Bedding 318	1992-05-16	/static/images/album_covers/1.png
3	Iron Logic 200	2011-10-14	/static/images/album_covers/2.png
4	Skweee Inna Dancehall 292	1982-03-06	/static/images/album_covers/3.png
5	Post-Morphose 57	1979-01-29	/static/images/album_covers/4.png
6	Old Town Worry 310	2011-12-31	/static/images/album_covers/5.png
7	Post-Morphose 964	2018-04-24	/static/images/album_covers/6.png
8	Airbit 555	1977-03-09	/static/images/album_covers/7.png
9	Joint Force 65	2010-04-24	/static/images/album_covers/8.png
10	The New World 18	2014-07-18	/static/images/album_covers/9.png
11	Lost 353	2007-07-08	/static/images/album_covers/10.png
12	 Remastered) 1	1983-08-08	/static/images/album_covers/11.png
13	Lore! 371	1996-11-20	/static/images/album_covers/12.png
14	Float 18	2012-08-09	/static/images/album_covers/13.png
15	Lore! 747	1975-07-28	/static/images/album_covers/14.png
16	Generator 941	1993-12-16	/static/images/album_covers/15.png
17	A Day at the Sea 381	1994-05-15	/static/images/album_covers/16.png
18	New Launch by Ketsa 282	1970-04-12	/static/images/album_covers/17.png
19	Airbit 765	2002-04-10	/static/images/album_covers/18.png
20	New Launch by Ketsa 772	1986-05-13	/static/images/album_covers/19.png
21	Streetwise Hercules 477	1999-05-15	/static/images/album_covers/20.png
22	Lore! 320	1971-08-27	/static/images/album_covers/21.png
23	New Launch by Ketsa 158	1990-02-11	/static/images/album_covers/22.png
24	Musical Menu 906	1978-10-23	/static/images/album_covers/23.png
25	True Stories 644	1992-09-01	/static/images/album_covers/24.png
26	Post-Morphose 698	2015-04-23	/static/images/album_covers/25.png
27	Export 895	1996-06-04	/static/images/album_covers/26.png
28	1.17.10.: Live Together. 944	2005-12-19	/static/images/album_covers/27.png
29	Lost 264	1976-06-10	/static/images/album_covers/28.png
30	Gamer Beats! 866	1982-03-20	/static/images/album_covers/29.png
31	Lore! 138	1970-04-12	/static/images/album_covers/30.png
32	Skweee Inna Dancehall 362	2008-09-27	/static/images/album_covers/31.png
33	Depression 495	1985-12-16	/static/images/album_covers/32.png
34	Post-Morphose 840	2013-01-25	/static/images/album_covers/33.png
35	Dimensions 200	1976-04-08	/static/images/album_covers/34.png
36	Bedding 891	1980-12-16	/static/images/album_covers/35.png
37	Lore! 262	2001-06-14	/static/images/album_covers/36.png
38	Iron Logic 936	2022-06-27	/static/images/album_covers/37.png
39	Content 349	1998-11-19	/static/images/album_covers/38.png
40	Growth 414	2016-11-27	/static/images/album_covers/39.png
41	Musical Menu 433	2002-04-12	/static/images/album_covers/40.png
42	Cloud Cover 406	1994-03-01	/static/images/album_covers/41.png
43	Lost 308	2010-11-19	/static/images/album_covers/42.png
44	Iron Logic 383	1970-10-20	/static/images/album_covers/43.png
45	Streetwise Hercules 491	1985-07-18	/static/images/album_covers/44.png
46	Let the Journey Begin EP 577	2012-03-19	/static/images/album_covers/45.png
47	Post-Morphose 361	2001-11-17	/static/images/album_covers/46.png
48	Content 585	2001-01-04	/static/images/album_covers/47.png
49	Musical Menu 758	2002-04-30	/static/images/album_covers/48.png
50	Deadly War 358	2005-11-08	/static/images/album_covers/49.png
51	1.17.10.: Live Together. 652	1978-03-16	/static/images/album_covers/50.png
52	Fredson Drive 532	1987-04-29	/static/images/album_covers/51.png
53	Lost 814	2012-07-13	/static/images/album_covers/52.png
54	Let the Journey Begin EP 864	1972-03-31	/static/images/album_covers/53.png
55	Cloud Cover 636	1972-06-10	/static/images/album_covers/54.png
56	Metro 832	1970-04-15	/static/images/album_covers/55.png
57	Content 72	2015-03-14	/static/images/album_covers/56.png
58	Lore! 664	1984-01-28	/static/images/album_covers/57.png
59	Bedding 737	2015-12-31	/static/images/album_covers/58.png
60	Float 435	1973-03-19	/static/images/album_covers/59.png
61	Content 161	1986-09-14	/static/images/album_covers/60.png
62	Post-Morphose 117	2020-05-20	/static/images/album_covers/61.png
63	Dimensions 352	1975-02-10	/static/images/album_covers/62.png
64	Generator 630	2010-02-13	/static/images/album_covers/63.png
65	Float 446	1998-01-02	/static/images/album_covers/64.png
66	True Stories 694	2000-09-13	/static/images/album_covers/65.png
67	 Remastered) 246	1997-11-25	/static/images/album_covers/66.png
68	Export 956	2004-08-07	/static/images/album_covers/67.png
69	Bedding 531	1970-01-03	/static/images/album_covers/68.png
70	The New World 77	1972-04-25	/static/images/album_covers/69.png
71	Depression 780	1977-07-02	/static/images/album_covers/70.png
72	Bedding 657	2003-10-06	/static/images/album_covers/71.png
73	Free and Beautiful 970	1979-04-16	/static/images/album_covers/72.png
74	Streetwise Hercules 577	1971-05-01	/static/images/album_covers/73.png
75	Float 949	1991-07-16	/static/images/album_covers/74.png
76	Growth 870	1992-07-02	/static/images/album_covers/75.png
77	Fredson Drive 82	2007-02-10	/static/images/album_covers/76.png
78	A Day at the Sea 937	2007-11-10	/static/images/album_covers/77.png
79	Musical Menu 14	1973-08-18	/static/images/album_covers/78.png
80	1.17.10.: Live Together. 990	2018-04-14	/static/images/album_covers/79.png
81	A Day at the Sea 90	2018-10-29	/static/images/album_covers/80.png
82	Lore! 429	1976-03-22	/static/images/album_covers/81.png
83	Generator 457	1975-05-02	/static/images/album_covers/82.png
84	Cloud Cover 447	1977-02-22	/static/images/album_covers/83.png
85	City Slacker 417	2006-02-16	/static/images/album_covers/84.png
86	True Stories 418	1978-03-12	/static/images/album_covers/85.png
87	Streetwise Hercules 355	2019-02-14	/static/images/album_covers/86.png
88	Cloud Cover 836	2022-04-22	/static/images/album_covers/87.png
89	Musical Menu 382	1996-02-07	/static/images/album_covers/88.png
90	Dimensions 650	1999-09-28	/static/images/album_covers/89.png
91	Iron Logic 518	2001-03-24	/static/images/album_covers/90.png
92	1.17.10.: Live Together. 15	1997-02-18	/static/images/album_covers/91.png
93	Musical Menu 317	2010-10-17	/static/images/album_covers/92.png
94	Joint Force 262	2006-07-20	/static/images/album_covers/93.png
95	Joint Force 686	1986-09-28	/static/images/album_covers/94.png
96	True Stories 89	2021-09-17	/static/images/album_covers/95.png
97	1.17.10.: Live Together. 71	1980-03-21	/static/images/album_covers/96.png
98	Airbit 873	2010-02-03	/static/images/album_covers/97.png
99	True Stories 881	1988-10-22	/static/images/album_covers/98.png
100	The New World 81	1981-05-31	/static/images/album_covers/99.png
\.


--
-- TOC entry 3444 (class 0 OID 16385)
-- Dependencies: 209
-- Data for Name: alembic_version; Type: TABLE DATA; Schema: public; Owner: smp_user
--

COPY public.alembic_version (version_num) FROM stdin;
0e961e7368dc
\.


--
-- TOC entry 3448 (class 0 OID 16401)
-- Dependencies: 213
-- Data for Name: artists; Type: TABLE DATA; Schema: public; Owner: smp_user
--

COPY public.artists (id, name, cover_url) FROM stdin;
89	Владимир Высоцкий 862	/static/images/artist_covers/8.png
1	Майя Кристалинская 878	/static/images/artist_covers/21.png
2	Наутилус Помпилиус 426	/static/images/artist_covers/22.png
3	Владимир Высоцкий 365	/static/images/artist_covers/23.png
4	Разные исполнители 312	/static/images/artist_covers/24.png
5	Shaolin Dub 432	/static/images/artist_covers/25.png
6	Майя Кристалинская 769	/static/images/artist_covers/26.png
7	Марк Бернес 107	/static/images/artist_covers/27.png
8	Dee Yan-Key 650	/static/images/artist_covers/28.png
9	The Crayon Industry 246	/static/images/artist_covers/29.png
10	Mr Smith 819	/static/images/artist_covers/30.png
11	Константин Никольский 128	/static/images/artist_covers/31.png
12	Citofono 796	/static/images/artist_covers/32.png
13	Citofono 903	/static/images/artist_covers/33.png
14	ДДТ 404	/static/images/artist_covers/34.png
15	Майя Кристалинская 764	/static/images/artist_covers/35.png
16	Ольга Воронец 6	/static/images/artist_covers/36.png
17	Lobo Loco 966	/static/images/artist_covers/37.png
18	Smoked Meat Fax Machine 562	/static/images/artist_covers/38.png
19	Nutmeg 853	/static/images/artist_covers/39.png
20	Эдуард Хиль 648	/static/images/artist_covers/40.png
21	Пикник 477	/static/images/artist_covers/41.png
22	Разные исполнители 788	/static/images/artist_covers/42.png
23	Independent Music Licensing Collective (IMLC) 418	/static/images/artist_covers/43.png
24	Юрий Кукин 47	/static/images/artist_covers/44.png
25	Владимир Высоцкий 872	/static/images/artist_covers/45.png
26	Joxaren 529	/static/images/artist_covers/46.png
27	Владимир Высоцкий 280	/static/images/artist_covers/47.png
28	Муслим Магомаев 594	/static/images/artist_covers/48.png
29	Майя Кристалинская 491	/static/images/artist_covers/49.png
30	Lazer Falcon 973	/static/images/artist_covers/50.png
31	Кино 194	/static/images/artist_covers/51.png
32	Георг Отс 701	/static/images/artist_covers/52.png
33	Игорь Корнелюк 521	/static/images/artist_covers/53.png
34	Алиса 755	/static/images/artist_covers/54.png
35	Людмила Сенчина 645	/static/images/artist_covers/55.png
36	Майя Кристалинская 470	/static/images/artist_covers/56.png
37	Олег Анофриев 978	/static/images/artist_covers/57.png
38	Наутилус Помпилиус 886	/static/images/artist_covers/58.png
39	Григорий Лепс 245	/static/images/artist_covers/59.png
40	Matt Oakley 138	/static/images/artist_covers/60.png
41	Юрий Визбор 71	/static/images/artist_covers/61.png
42	Георг Отс 913	/static/images/artist_covers/62.png
43	Михаил Ножкин 367	/static/images/artist_covers/63.png
44	Кипелов 308	/static/images/artist_covers/64.png
45	ДДТ 341	/static/images/artist_covers/65.png
46	Наутилус Помпилиус 293	/static/images/artist_covers/66.png
47	Муслим Магомаев 431	/static/images/artist_covers/67.png
48	RPG-H8R 118	/static/images/artist_covers/68.png
49	Юрий Визбор 413	/static/images/artist_covers/69.png
50	Ольга Воронец 364	/static/images/artist_covers/70.png
51	Игорь Корнелюк 21	/static/images/artist_covers/71.png
52	Владимир Высоцкий 982	/static/images/artist_covers/72.png
53	Георг Отс 580	/static/images/artist_covers/73.png
54	Levon Zoltar 231	/static/images/artist_covers/74.png
55	Владимир Трошин 836	/static/images/artist_covers/75.png
56	ДДТ 876	/static/images/artist_covers/76.png
57	Валерий Ободзинский 563	/static/images/artist_covers/77.png
58	Владимир Макаров 622	/static/images/artist_covers/78.png
59	Разные исполнители 60	/static/images/artist_covers/79.png
60	Наутилус Помпилиус 514	/static/images/artist_covers/80.png
61	Synaptic 472	/static/images/artist_covers/81.png
62	Марк Бернес 106	/static/images/artist_covers/82.png
63	Alena Smirnova 95	/static/images/artist_covers/83.png
64	Александр Лосев 416	/static/images/artist_covers/84.png
65	Майя Кристалинская 290	/static/images/artist_covers/85.png
66	Таисия Калинченко 491	/static/images/artist_covers/86.png
67	Валерий Ободзинский 78	/static/images/artist_covers/87.png
68	Веселые ребята 15	/static/images/artist_covers/88.png
69	Разные исполнители 583	/static/images/artist_covers/89.png
70	HoliznaCC0 456	/static/images/artist_covers/90.png
71	Марк Бернес 568	/static/images/artist_covers/91.png
72	Леонид Утёсов 648	/static/images/artist_covers/92.png
73	Разные исполнители 702	/static/images/artist_covers/93.png
74	Таисия Калинченко 26	/static/images/artist_covers/94.png
75	Synaptic 400	/static/images/artist_covers/95.png
76	Peter Drew 192	/static/images/artist_covers/96.png
77	ДДТ 322	/static/images/artist_covers/97.png
78	Bio Unit 548	/static/images/artist_covers/98.png
79	Bio Unit 51	/static/images/artist_covers/99.png
80	Independent Music Licensing Collective (IMLC) 580	/static/images/artist_covers/100.png
81	Sikh Knowledge 552	/static/images/artist_covers/0.png
82	Валерий Ободзинский 188	/static/images/artist_covers/1.png
83	Георг Отс 615	/static/images/artist_covers/2.png
84	Таисия Калинченко 71	/static/images/artist_covers/3.png
85	Radarsat-1 977	/static/images/artist_covers/4.png
86	Mr Smith 795	/static/images/artist_covers/5.png
87	Таисия Калинченко 153	/static/images/artist_covers/6.png
88	Александр Лосев 316	/static/images/artist_covers/7.png
90	RPG-H8R 276	/static/images/artist_covers/9.png
91	Таисия Калинченко 846	/static/images/artist_covers/10.png
92	The Crayon Industry 670	/static/images/artist_covers/11.png
93	Mangrove 773	/static/images/artist_covers/12.png
94	Александр Лосев 596	/static/images/artist_covers/13.png
95	Владимир Высоцкий 369	/static/images/artist_covers/14.png
96	Фёдор Шаляпин 983	/static/images/artist_covers/15.png
97	Юрий Визбор 216	/static/images/artist_covers/16.png
98	Муслим Магомаев 84	/static/images/artist_covers/17.png
99	Coco Bryce 608	/static/images/artist_covers/18.png
100	Валерий Ободзинский 831	/static/images/artist_covers/19.png
\.


--
-- TOC entry 3456 (class 0 OID 16467)
-- Dependencies: 221
-- Data for Name: playlists; Type: TABLE DATA; Schema: public; Owner: smp_user
--

COPY public.playlists (id, name, songs, cover_url, user_id) FROM stdin;
\.


--
-- TOC entry 3458 (class 0 OID 16483)
-- Dependencies: 223
-- Data for Name: queues; Type: TABLE DATA; Schema: public; Owner: smp_user
--

COPY public.queues (id, songs, current_position, user_id) FROM stdin;
1	{}	-1	100
\.


--
-- TOC entry 3463 (class 0 OID 16547)
-- Dependencies: 228
-- Data for Name: song_artist; Type: TABLE DATA; Schema: public; Owner: smp_user
--

COPY public.song_artist (song_id, artist_id) FROM stdin;
1	53
1	98
1	70
1	13
2	33
2	22
2	60
2	77
3	15
3	9
3	4
3	56
4	17
4	49
4	97
5	61
5	67
5	77
6	38
6	68
6	62
6	96
7	40
8	9
8	56
9	75
10	80
11	72
11	2
11	50
12	80
12	74
12	44
12	83
13	40
13	45
13	73
14	76
14	52
14	94
14	25
15	96
15	61
16	55
17	1
17	51
17	17
18	22
18	95
19	7
20	57
20	3
20	26
21	73
21	40
21	1
22	99
22	11
22	91
23	71
23	51
23	86
24	20
24	61
25	56
25	91
25	38
25	92
26	59
26	47
26	12
26	75
27	49
27	94
28	24
28	60
29	85
30	23
30	61
31	59
31	98
32	34
32	63
32	80
33	22
33	10
33	44
34	97
35	71
35	11
35	69
35	12
36	53
36	92
37	36
37	30
37	62
38	51
38	23
38	35
39	1
39	30
39	53
40	41
40	52
40	87
40	44
41	38
42	34
42	86
42	83
43	10
43	91
44	15
44	73
45	86
45	62
46	89
47	75
47	90
48	27
48	86
49	67
49	37
49	53
50	78
50	25
50	61
51	85
51	6
51	47
52	60
53	88
53	28
54	25
54	51
54	96
54	17
55	64
55	15
55	30
55	33
56	56
56	51
56	74
57	61
58	44
58	33
58	90
58	47
59	6
60	45
60	29
61	61
61	94
61	88
61	18
62	37
63	93
64	75
64	5
64	7
64	59
65	4
65	65
66	35
66	25
66	30
67	77
67	10
67	92
67	42
68	88
69	28
69	44
69	34
70	96
71	81
72	4
73	2
73	3
74	32
74	68
75	96
75	9
75	56
75	7
76	74
76	41
76	27
76	72
77	27
77	62
77	30
77	35
78	74
78	37
78	94
78	51
79	45
80	64
80	24
81	66
82	98
82	73
83	34
84	4
85	55
86	90
87	94
87	49
88	92
89	91
89	8
89	17
89	10
90	73
91	13
91	41
92	30
92	63
93	46
94	54
94	93
94	37
94	48
95	60
96	76
97	84
98	41
98	18
99	95
99	63
99	45
100	75
100	80
101	86
102	97
102	5
102	10
103	73
103	24
103	98
103	2
104	80
104	9
104	92
104	22
105	61
106	5
106	14
107	80
107	95
107	49
107	34
108	31
108	85
108	12
108	2
109	96
109	1
110	28
111	55
111	65
112	19
112	46
112	74
112	9
113	15
113	19
113	2
113	11
114	71
114	39
115	97
115	61
115	60
116	68
116	95
116	86
116	32
117	94
117	10
117	75
118	57
118	58
118	44
119	57
120	25
120	68
120	60
121	20
121	96
121	11
121	64
122	10
123	49
123	12
123	61
124	25
125	38
125	87
125	51
126	66
126	75
127	79
127	70
127	36
128	45
129	41
129	6
129	87
129	74
130	58
130	37
130	77
131	74
131	76
132	69
133	49
134	95
135	12
136	96
137	1
137	74
137	79
138	89
138	3
139	78
139	73
139	16
139	69
140	32
140	95
140	13
140	36
141	68
141	13
141	81
141	16
142	92
143	97
143	76
144	64
145	36
145	16
145	32
146	81
147	80
147	77
147	37
148	91
149	23
150	3
150	59
151	42
151	11
152	5
152	52
153	19
153	75
153	9
153	2
154	45
154	97
155	62
155	12
155	91
155	54
156	85
157	66
157	42
157	50
158	84
158	66
158	15
158	39
159	28
159	9
159	69
159	82
160	13
160	1
161	17
161	95
161	31
161	83
162	56
162	68
162	70
162	73
163	52
164	18
164	26
164	35
165	26
165	16
165	89
165	7
166	54
166	21
166	98
166	65
167	30
168	70
168	88
169	42
169	33
169	69
170	70
170	20
170	12
171	15
171	41
171	34
171	52
172	24
172	40
172	45
173	96
173	76
174	72
175	94
175	49
176	4
176	10
176	92
177	25
178	92
178	90
178	2
179	76
179	30
179	70
179	29
180	60
180	19
181	97
182	15
182	30
182	79
183	42
183	61
183	63
183	86
184	37
184	81
184	7
184	71
185	74
185	85
186	89
186	24
186	68
186	40
187	44
187	98
187	29
187	63
188	19
188	59
188	21
189	45
189	46
189	94
189	59
190	21
190	40
191	51
191	9
191	29
191	97
192	28
192	5
192	11
192	12
193	76
193	3
193	45
194	4
194	22
194	92
195	71
196	36
196	41
197	37
197	44
198	42
198	5
198	35
199	59
199	34
199	17
199	30
200	86
201	92
201	60
201	58
202	86
202	44
202	20
203	46
203	54
203	28
204	51
204	81
205	12
205	89
205	8
205	4
206	80
206	92
207	54
207	62
207	64
208	38
208	7
209	25
209	19
209	75
209	52
210	88
210	65
210	81
210	75
211	12
211	92
211	11
211	32
212	51
213	4
213	26
213	65
213	78
214	1
214	30
215	64
215	60
216	22
216	44
217	77
218	20
218	11
218	64
219	64
220	10
220	42
220	63
221	16
222	69
222	54
222	57
223	81
224	75
225	43
225	1
225	12
225	81
226	56
226	50
226	11
226	97
227	29
227	68
227	21
227	43
228	48
228	30
228	17
228	80
229	73
229	54
230	20
230	7
230	76
231	96
231	30
232	59
233	72
233	78
233	86
234	55
234	52
234	51
234	63
235	64
235	18
235	79
236	21
236	47
237	59
237	40
238	77
238	49
238	88
239	89
239	72
239	30
240	41
241	17
242	41
243	61
243	30
243	50
244	6
244	24
245	97
245	39
246	21
246	30
247	38
247	3
247	7
248	2
248	72
249	44
249	34
249	65
250	4
250	21
250	62
251	33
251	3
251	78
251	93
252	31
252	86
253	71
253	63
253	39
253	69
254	76
254	29
254	2
255	4
255	3
255	48
255	28
256	66
256	56
256	72
256	10
257	16
257	75
257	95
257	59
258	24
258	97
259	30
259	8
259	70
260	20
260	31
260	48
260	89
261	24
261	76
261	90
262	58
262	83
262	95
263	69
263	28
264	94
264	64
265	67
265	51
265	85
266	46
266	87
266	76
267	36
268	96
268	99
268	90
269	65
270	8
270	66
270	94
270	42
271	72
272	57
272	59
273	97
273	84
273	54
274	83
274	71
274	93
275	12
275	50
276	65
277	29
277	43
278	44
278	38
279	66
279	35
279	58
280	35
280	15
280	58
281	92
282	44
283	82
283	54
283	43
283	23
284	19
285	33
285	25
285	56
286	89
286	70
287	65
287	20
287	28
288	40
288	70
288	64
289	84
289	69
289	98
289	3
290	43
290	54
290	66
290	37
291	53
291	6
291	60
291	89
292	11
292	83
292	15
292	49
293	66
293	63
294	98
294	45
295	13
295	45
296	32
296	69
297	58
297	90
297	57
298	66
299	40
299	93
299	1
299	33
300	60
300	35
300	46
301	98
301	62
301	17
302	59
302	29
302	54
302	25
303	88
304	45
305	18
306	88
306	20
307	28
307	80
307	96
308	92
308	69
308	88
308	49
309	24
309	73
309	20
310	29
310	78
311	67
311	76
311	58
312	30
312	53
313	37
313	67
313	26
313	71
314	77
314	47
315	32
315	31
315	37
316	70
317	34
317	36
317	26
318	24
318	40
318	14
319	33
319	7
319	48
319	6
320	14
321	39
322	69
322	88
322	57
323	52
323	40
323	42
323	80
324	38
324	96
325	11
325	39
325	72
326	91
326	42
327	77
327	91
327	33
327	15
328	90
329	38
329	68
330	31
331	47
332	22
332	38
332	95
332	97
333	67
333	11
333	47
333	86
334	78
334	7
334	98
335	40
335	63
335	54
335	5
336	3
336	93
336	1
336	68
337	40
337	84
337	37
337	86
338	27
339	31
339	58
340	29
340	10
340	15
341	81
341	34
341	73
342	32
342	12
342	30
343	64
343	76
344	18
344	5
344	49
344	57
345	19
345	4
345	44
345	12
346	59
346	94
346	24
346	41
347	46
347	59
347	55
348	94
349	53
350	31
350	27
351	37
352	1
352	96
352	87
353	51
353	15
353	9
353	63
354	71
354	67
354	47
355	69
355	26
356	82
356	5
356	81
357	15
357	65
358	74
358	53
358	44
359	97
359	10
359	22
359	71
360	72
360	17
360	82
360	80
361	46
361	30
361	84
361	3
362	80
362	35
363	1
363	28
364	43
365	10
365	54
365	38
365	82
366	7
366	71
367	69
367	25
367	4
367	63
368	61
368	84
369	48
369	11
369	62
370	48
370	37
370	24
370	89
371	24
372	80
372	31
373	19
373	48
373	53
374	52
374	48
374	1
375	62
375	41
375	28
376	1
376	13
377	14
377	44
378	76
378	60
378	9
379	13
379	36
379	46
379	88
380	2
381	38
382	4
383	70
383	26
383	21
383	38
384	71
384	30
384	21
384	17
385	28
386	49
387	83
387	1
387	81
387	51
388	17
388	29
389	85
389	8
389	33
390	77
391	96
391	27
391	33
391	2
392	33
392	54
393	89
393	55
393	50
394	30
395	45
395	82
396	19
396	52
396	75
397	1
397	22
397	51
398	70
399	53
399	59
400	5
400	99
401	51
402	55
402	41
402	92
402	32
403	60
403	82
403	21
404	49
404	29
404	48
404	51
405	40
405	84
405	13
405	23
406	83
406	34
407	63
407	99
408	64
408	52
409	46
409	76
409	73
409	92
410	33
410	8
410	30
411	61
411	67
411	64
412	95
412	78
412	46
413	24
413	10
413	73
414	61
415	16
415	89
416	24
416	88
416	9
417	65
417	20
417	47
417	52
418	63
419	72
419	44
420	26
420	61
421	94
421	21
422	88
422	85
422	91
423	43
424	83
424	88
424	25
424	80
425	26
425	80
425	52
425	63
426	3
426	19
426	91
427	99
428	96
429	30
430	75
430	47
430	69
430	50
431	80
431	35
432	67
432	97
433	66
433	34
433	25
434	14
434	78
435	53
435	79
435	75
435	56
436	25
436	86
436	62
437	38
437	59
438	21
438	40
438	68
438	92
439	31
440	79
440	66
440	97
440	42
441	2
441	94
442	96
443	42
443	13
443	33
444	90
444	71
444	87
445	81
445	16
445	95
445	97
446	83
446	68
446	18
446	71
447	45
448	39
448	97
449	31
449	14
449	66
450	46
451	91
451	80
452	80
452	32
452	77
453	65
453	88
453	9
453	14
454	46
454	95
454	98
454	27
455	29
455	31
455	33
455	10
456	51
456	35
457	44
458	51
459	63
459	67
459	23
459	7
460	60
460	19
461	60
461	50
462	16
463	18
463	95
463	76
463	27
464	11
464	96
464	72
464	30
465	97
465	4
466	44
467	88
467	44
467	30
468	91
468	24
468	70
469	2
470	28
470	67
470	66
471	59
471	2
471	33
471	68
472	81
473	66
473	89
474	22
474	79
474	1
475	12
475	29
475	92
476	30
476	32
476	2
476	13
477	66
478	86
479	10
479	92
479	57
480	81
480	22
480	77
481	34
482	79
482	82
482	86
482	43
483	65
483	67
483	64
484	66
484	36
485	17
485	69
485	12
485	44
486	9
486	57
486	16
486	15
487	58
487	96
488	41
488	33
489	5
489	79
490	20
490	45
491	83
491	51
492	64
492	29
492	72
493	87
493	81
493	74
493	41
494	36
494	34
494	45
495	6
495	45
495	85
496	39
497	75
498	84
498	4
498	53
499	27
499	41
500	53
500	1
500	60
501	3
501	13
501	16
502	39
502	15
503	11
503	63
504	37
505	47
506	61
506	74
506	42
507	58
507	17
507	9
507	8
508	40
509	72
509	64
509	67
509	33
510	11
511	40
511	97
511	69
511	58
512	21
512	73
512	41
513	65
513	46
514	39
515	21
515	51
515	24
515	85
516	1
516	65
516	40
517	29
517	96
518	12
519	4
520	43
521	99
521	69
521	30
521	12
522	69
522	13
522	80
523	6
523	31
523	58
523	42
524	14
524	65
524	94
524	34
525	21
525	26
526	23
526	79
526	62
526	83
527	82
527	84
528	68
528	38
528	21
528	42
529	45
530	51
530	80
530	6
530	79
531	71
532	55
532	47
533	77
533	51
533	9
534	66
534	2
534	57
534	32
535	65
535	50
536	35
536	15
536	41
536	79
537	81
537	23
537	40
538	65
538	86
538	58
538	46
539	30
539	94
539	59
539	43
540	6
540	78
540	61
540	44
541	36
541	95
541	44
542	4
542	3
542	88
543	84
543	52
544	82
544	74
544	10
545	3
546	23
546	78
546	46
546	12
547	64
547	33
547	56
547	37
548	9
549	52
549	56
549	98
550	24
550	73
550	19
550	27
551	12
551	47
552	37
552	63
552	27
553	93
554	17
554	40
554	61
554	49
555	64
555	78
556	37
556	4
557	94
558	84
558	79
559	59
559	69
559	53
560	95
560	50
560	29
560	62
561	85
561	48
561	34
562	9
562	88
562	53
562	5
563	73
563	50
563	95
564	77
564	39
564	95
565	24
565	30
565	65
565	39
566	82
566	19
567	11
568	14
568	43
569	51
569	57
569	29
570	70
571	33
571	4
572	76
573	74
574	81
574	4
574	37
574	69
575	85
576	70
576	42
577	3
577	67
577	82
578	6
578	87
578	84
578	27
579	74
579	10
579	23
579	84
580	90
581	50
581	96
581	92
581	69
582	31
582	41
582	14
582	85
583	91
583	32
583	71
583	22
584	20
584	29
584	59
584	30
585	94
585	23
585	45
585	42
586	66
586	30
587	21
587	60
588	85
589	73
589	53
589	90
590	98
591	78
591	94
591	53
592	63
592	89
592	13
592	54
593	99
593	47
593	16
594	20
595	37
595	87
595	53
596	34
596	32
597	14
597	69
597	40
598	4
598	56
598	50
599	19
600	19
600	88
600	24
600	67
601	34
601	7
601	69
601	95
602	30
602	51
602	20
602	61
603	37
603	58
604	17
604	18
604	86
604	4
605	39
606	72
606	84
606	99
607	51
607	88
607	19
608	41
608	5
608	32
609	87
609	75
609	96
610	55
610	71
610	51
610	47
611	56
612	78
612	11
612	49
613	4
613	73
614	81
614	7
615	69
616	56
616	33
616	29
617	32
618	89
619	51
619	92
619	65
620	11
620	32
621	67
621	20
621	58
621	85
622	83
622	98
622	89
623	63
623	51
623	77
624	14
624	28
625	31
626	78
626	44
627	69
627	18
628	51
629	73
629	79
629	31
629	81
630	10
630	30
630	68
631	3
631	45
632	31
632	19
633	76
633	95
634	85
634	59
634	29
634	67
635	71
635	12
635	3
635	82
636	36
636	43
637	92
637	73
637	57
638	32
638	88
638	50
639	76
639	57
640	39
640	91
641	6
642	16
642	67
642	98
643	75
643	83
643	70
644	4
644	75
645	4
646	46
646	92
646	98
646	62
647	92
647	1
648	11
649	75
649	73
649	4
649	99
650	79
651	53
651	34
651	42
652	23
653	85
654	3
655	32
655	94
655	73
655	20
656	76
656	28
656	83
656	17
657	10
657	81
657	46
658	40
658	43
659	92
659	74
660	89
660	38
660	28
660	95
661	89
661	99
662	82
662	51
663	6
663	45
664	85
664	51
664	74
664	98
665	28
666	45
666	4
666	37
666	79
667	9
668	32
668	65
668	74
669	33
669	55
669	71
670	2
671	44
671	29
671	70
672	76
672	37
672	78
673	80
673	89
673	56
673	4
674	72
675	83
675	12
676	67
676	60
676	86
677	40
677	18
677	55
678	21
678	75
678	48
679	21
679	91
680	36
680	6
680	27
681	50
681	61
681	39
681	65
682	82
683	12
684	97
684	48
684	37
685	81
686	33
686	41
686	29
686	97
687	90
688	32
688	98
688	3
689	65
689	16
689	24
690	20
690	37
691	6
691	25
692	16
692	29
692	21
693	70
693	54
693	12
693	18
694	44
694	52
694	57
695	10
695	50
695	17
695	93
696	26
696	72
696	92
697	3
697	19
697	85
697	59
698	93
698	36
698	20
699	20
699	87
699	47
700	45
700	87
701	87
701	35
702	4
702	83
702	44
702	60
703	80
704	84
704	63
704	12
705	65
706	15
706	64
706	97
707	70
708	21
708	61
708	57
709	90
709	5
709	97
710	78
710	47
710	82
710	66
711	11
711	69
712	29
713	31
714	47
714	40
715	80
716	6
716	48
717	9
717	16
717	75
718	99
719	27
719	20
719	26
719	66
720	52
720	96
720	38
721	26
721	31
722	6
723	39
723	73
724	74
724	17
724	25
724	94
725	15
725	82
725	88
726	38
727	76
727	25
727	95
727	23
728	50
728	72
729	91
729	60
729	57
\.


--
-- TOC entry 3464 (class 0 OID 16564)
-- Dependencies: 229
-- Data for Name: song_tag; Type: TABLE DATA; Schema: public; Owner: smp_user
--

COPY public.song_tag (song_id, tag_id) FROM stdin;
1	1
1	4
2	5
3	4
4	3
4	1
5	5
5	1
6	4
6	1
6	3
6	5
7	5
7	2
8	4
8	5
9	5
9	2
9	3
10	5
10	4
10	1
11	1
12	3
12	5
12	1
12	2
13	4
14	2
14	1
14	4
14	5
15	2
15	4
16	2
17	5
18	2
18	4
19	5
19	1
19	3
19	4
20	3
20	2
21	2
21	4
22	3
22	2
22	4
23	1
24	4
24	5
24	3
24	1
25	4
25	3
25	2
25	1
26	2
27	3
28	5
28	2
28	4
29	1
29	2
29	4
30	2
30	3
30	1
31	2
32	5
32	1
32	4
33	1
33	5
33	4
33	2
34	1
34	2
35	1
35	5
35	2
36	5
36	3
37	1
37	2
37	5
37	4
38	4
38	2
39	1
39	5
39	2
40	4
40	2
40	3
40	5
41	1
41	4
42	3
42	5
42	1
43	3
43	5
43	1
43	2
44	4
44	2
44	3
44	1
45	4
46	5
46	2
46	4
46	3
47	1
47	3
48	1
48	5
49	3
49	1
49	4
49	2
50	2
50	1
50	3
50	5
51	2
51	5
51	4
52	1
52	2
52	4
53	2
53	3
53	5
53	1
54	4
54	1
54	5
55	1
56	4
56	5
57	2
57	1
58	3
58	2
58	5
58	4
59	1
59	4
60	3
60	2
61	1
61	2
62	4
62	1
63	1
63	5
63	3
63	2
64	1
64	4
65	1
65	3
66	4
66	1
67	3
67	4
68	2
68	3
68	4
68	1
69	2
69	3
69	1
70	1
70	5
70	3
71	5
71	3
71	4
72	4
72	5
73	4
73	5
73	3
73	2
74	2
74	1
74	5
75	4
75	3
75	1
76	2
77	4
77	3
77	2
78	4
78	1
78	3
79	1
80	4
80	5
80	3
81	4
81	2
82	3
83	4
84	1
85	2
85	5
86	1
87	5
88	4
88	2
89	1
89	2
89	5
90	3
90	2
91	3
91	2
92	5
92	3
93	2
93	3
94	5
94	3
94	1
94	4
95	5
96	3
97	2
97	4
98	3
98	2
98	4
99	2
99	5
99	3
99	4
100	2
100	5
100	4
101	4
101	3
101	5
102	2
102	3
103	5
103	2
103	3
103	1
104	3
104	5
104	4
105	4
105	3
106	3
106	2
107	5
107	4
107	1
108	5
108	3
108	1
109	1
109	2
110	5
110	2
110	1
111	1
111	5
111	2
111	3
112	1
112	2
112	3
113	1
113	5
113	4
113	3
114	2
114	4
114	5
115	5
115	3
116	2
116	5
116	4
116	3
117	3
118	3
118	4
119	3
119	1
120	1
121	4
121	5
122	3
123	1
123	5
123	2
124	2
124	3
124	4
125	5
126	3
126	4
126	5
126	1
127	4
128	4
128	2
129	2
129	1
129	4
130	4
131	3
131	5
132	5
132	1
133	5
133	3
134	3
134	4
134	2
135	3
135	2
136	2
136	5
136	3
136	4
137	3
137	1
137	2
138	2
138	3
138	4
138	5
139	2
139	3
139	4
139	1
140	5
141	3
142	5
142	1
142	4
143	3
143	5
143	4
143	1
144	5
144	2
144	3
145	3
145	4
145	5
146	2
146	3
147	2
148	3
148	4
148	5
149	5
149	2
150	5
150	4
150	1
151	3
151	4
151	1
151	2
152	5
152	2
152	1
153	1
154	4
155	4
155	2
155	1
155	5
156	4
156	2
156	5
157	3
157	4
158	1
158	4
158	5
159	4
159	1
159	2
159	3
160	3
160	4
160	2
160	5
161	5
161	3
161	1
161	2
162	5
162	3
162	2
162	4
163	2
163	4
163	3
164	2
165	4
166	4
166	1
167	5
167	4
168	1
168	3
168	2
169	1
169	3
169	2
169	5
170	3
170	2
170	1
170	5
171	5
171	2
171	3
172	4
172	1
173	5
173	3
174	3
174	2
175	1
176	3
177	4
177	2
178	4
178	1
179	2
179	1
180	3
180	1
180	4
180	5
181	1
182	4
182	1
182	5
183	3
183	2
183	4
184	4
184	3
184	5
184	2
185	1
185	5
185	2
186	3
186	1
187	3
188	5
188	4
188	3
189	3
189	2
189	1
189	4
190	3
190	4
190	5
191	5
191	2
192	3
192	2
192	1
192	5
193	3
193	5
194	3
194	5
195	4
195	2
195	1
195	3
196	4
197	5
198	4
199	2
199	1
200	5
200	2
200	4
200	1
201	3
201	1
202	4
202	1
202	5
203	2
203	1
204	2
204	5
205	1
205	3
205	4
205	2
206	5
206	2
207	5
208	2
208	4
208	1
209	5
210	5
210	1
210	3
210	2
211	3
211	1
211	4
212	4
212	3
212	2
213	1
213	4
213	3
214	5
215	3
215	5
215	2
216	3
216	4
216	1
216	2
217	2
218	1
218	4
218	2
219	1
219	4
219	5
220	1
221	5
221	4
221	3
222	3
222	2
222	1
223	3
223	5
224	5
224	4
224	3
225	2
226	3
226	1
227	5
227	2
228	4
228	2
228	5
229	2
230	2
230	5
230	3
231	5
232	3
232	5
233	5
234	1
234	2
235	1
235	4
235	5
235	3
236	3
236	1
236	5
236	4
237	4
238	2
238	3
238	5
239	3
240	4
240	3
241	3
241	5
242	4
243	5
243	1
243	4
244	2
244	4
244	3
244	5
245	1
245	3
245	4
246	1
246	2
246	5
246	3
247	4
248	1
248	4
248	3
248	5
249	2
249	3
249	1
249	5
250	2
250	3
250	5
251	1
251	5
251	4
251	3
252	5
252	1
252	3
252	4
253	1
253	3
253	5
254	4
254	5
254	2
255	4
255	2
255	1
256	2
256	3
257	3
257	4
258	4
259	3
259	4
259	2
259	1
260	3
261	5
261	3
261	1
261	2
262	4
262	2
262	1
263	2
263	1
264	2
265	3
265	4
265	5
266	2
267	4
267	2
268	3
268	5
268	4
268	1
269	4
269	5
270	4
271	4
271	2
271	1
272	4
273	5
274	4
274	2
275	1
276	1
276	3
277	1
278	1
279	5
279	1
279	2
279	4
280	5
280	2
280	4
281	5
281	4
281	2
282	1
282	2
282	4
282	3
283	1
283	5
283	2
284	4
284	1
284	2
284	3
285	1
285	3
285	4
286	5
286	4
286	3
286	2
287	1
287	5
287	2
288	4
288	1
289	3
289	5
289	1
290	5
290	3
290	4
290	1
291	2
291	5
291	1
292	3
292	4
292	2
292	5
293	4
293	5
293	3
293	2
294	5
294	3
295	4
295	1
295	5
296	3
296	2
297	3
297	4
297	2
298	5
298	3
298	1
299	1
299	2
299	4
300	2
300	3
301	3
301	1
302	4
303	3
303	4
303	1
303	2
304	4
304	2
304	1
304	5
305	5
305	1
305	3
305	4
306	4
306	3
306	5
306	2
307	3
307	2
307	4
308	1
309	3
309	1
310	3
311	4
311	1
311	2
311	5
312	4
313	1
313	2
314	2
314	5
314	4
315	2
315	3
316	3
317	1
317	2
317	3
318	3
318	1
318	4
319	2
320	2
321	1
321	5
321	4
322	4
322	1
323	1
324	4
324	1
325	4
325	1
325	2
326	2
326	1
326	4
326	5
327	1
328	4
328	5
329	4
329	1
329	2
329	5
330	1
331	3
332	3
332	1
332	2
333	2
333	3
333	1
333	4
334	2
334	1
335	4
335	2
335	5
335	1
336	4
336	3
336	2
336	1
337	1
337	3
337	4
338	3
338	1
338	2
338	5
339	3
339	1
339	2
339	4
340	3
341	5
341	4
341	2
342	2
342	5
342	3
343	2
343	3
343	4
343	1
344	5
344	3
344	1
344	2
345	2
345	4
346	5
346	4
346	2
346	1
347	1
347	5
347	2
348	2
348	4
349	5
349	3
350	2
350	4
350	1
351	4
351	1
352	2
352	5
352	4
353	1
354	5
354	2
355	5
355	1
355	4
356	1
357	1
358	1
359	3
360	5
361	2
361	1
361	3
361	5
362	3
362	2
362	1
362	5
363	3
364	2
364	5
364	3
364	1
365	3
366	2
366	3
366	1
366	4
367	5
367	1
368	5
369	5
369	4
369	2
369	1
370	4
370	1
370	3
370	5
371	1
371	3
371	4
371	5
372	5
372	3
372	1
373	5
373	3
373	1
373	4
374	2
374	5
375	4
375	3
375	5
376	5
376	3
377	1
377	2
377	4
378	2
378	5
379	1
379	5
379	2
380	2
380	4
380	5
381	5
381	3
382	1
382	4
382	5
383	4
383	5
384	2
384	4
384	1
384	3
385	4
385	3
385	5
385	2
386	4
386	2
387	5
387	1
387	4
388	5
388	3
388	4
389	4
390	3
390	5
390	4
391	1
391	2
391	3
391	4
392	5
392	1
393	1
394	2
394	5
394	4
394	1
395	5
395	2
396	5
396	3
396	2
397	1
398	5
398	2
399	5
399	2
400	4
400	1
401	4
402	3
402	1
403	4
403	1
404	5
404	4
404	3
404	2
405	1
405	3
405	5
405	4
406	1
406	3
406	4
407	2
408	1
408	5
409	4
410	4
411	4
411	5
411	2
412	1
412	5
412	4
413	1
413	5
414	1
415	3
416	5
416	4
416	3
417	5
417	4
417	3
417	2
418	2
418	3
418	4
418	1
419	5
419	2
420	3
420	1
420	4
421	3
421	5
421	2
421	1
422	1
422	4
422	3
422	2
423	1
423	2
424	2
424	5
424	3
425	3
425	2
426	1
426	5
426	4
427	5
427	2
427	4
427	3
428	5
428	4
429	3
429	1
430	5
430	4
431	5
431	4
431	1
432	4
432	2
432	1
433	4
433	1
433	2
434	1
434	3
434	4
435	3
435	2
435	4
436	1
436	2
436	5
436	3
437	5
437	4
438	2
438	4
439	1
439	2
439	4
440	5
440	2
440	4
441	4
441	1
441	5
442	4
442	5
442	2
443	1
443	3
443	5
443	4
444	2
444	4
444	3
444	1
445	5
445	2
445	4
445	1
446	2
446	3
447	3
447	5
448	2
449	5
450	3
450	4
451	1
452	1
452	4
452	2
453	3
453	2
454	4
455	4
455	5
455	3
456	1
456	5
457	1
458	5
458	3
458	2
458	1
459	3
459	1
460	4
460	2
460	5
461	5
461	2
461	1
462	5
462	4
462	3
463	4
463	3
463	1
464	5
464	3
464	1
464	2
465	1
466	4
466	1
467	3
467	1
467	2
468	1
469	5
470	4
471	3
471	4
472	2
472	3
473	5
474	1
474	4
474	2
474	3
475	5
475	3
476	1
477	2
478	5
478	1
478	2
479	3
479	5
479	4
479	1
480	1
481	4
481	1
481	2
481	5
482	1
482	3
482	2
482	4
483	2
483	3
484	5
484	2
484	3
484	4
485	3
486	3
487	1
488	4
488	1
488	5
489	4
489	2
490	3
490	2
490	4
490	1
491	1
491	4
492	5
492	2
493	2
493	4
493	1
493	3
494	1
495	4
495	3
496	5
497	3
498	2
498	3
499	1
500	2
500	5
500	4
500	1
501	2
502	4
503	5
503	2
504	4
504	2
505	5
506	1
506	5
506	3
507	3
508	1
508	2
508	4
509	3
509	1
509	5
510	1
510	4
511	2
511	5
512	5
513	5
513	2
513	3
514	4
515	1
515	5
516	3
516	5
516	4
516	1
517	2
517	5
517	1
518	1
518	3
518	2
518	5
519	2
519	3
520	3
520	5
520	4
521	3
521	5
522	1
522	5
522	2
522	3
523	5
523	2
523	1
524	3
524	5
525	1
525	2
525	4
526	2
526	4
527	5
527	4
528	5
528	3
528	2
529	2
529	4
529	3
529	5
530	2
530	3
530	4
530	1
531	2
531	4
531	3
531	1
532	5
533	5
534	4
534	3
534	2
534	5
535	4
535	2
535	5
535	1
536	2
536	4
537	3
537	1
537	2
538	1
538	4
538	2
538	5
539	4
539	1
540	4
540	3
541	5
541	1
542	2
542	1
543	5
543	1
543	4
543	2
544	4
544	5
545	5
545	4
546	1
546	2
546	4
547	1
548	4
548	1
549	3
549	4
549	5
550	2
550	1
551	2
551	1
551	5
551	4
552	1
553	2
553	4
553	5
554	1
554	2
554	5
554	4
555	4
555	5
555	3
555	2
556	3
556	1
556	5
556	4
557	4
557	1
558	5
559	1
560	3
560	2
561	3
561	1
562	5
562	4
562	2
562	1
563	3
563	4
564	4
564	5
564	1
564	3
565	3
566	4
567	3
567	4
567	5
568	2
568	4
568	1
568	5
569	1
570	3
570	4
570	2
570	5
571	3
571	2
571	5
571	1
572	4
572	1
573	3
573	2
573	5
574	4
575	4
575	1
575	5
576	4
577	4
577	3
577	2
577	1
578	4
579	2
579	3
579	5
580	4
580	3
581	3
581	5
581	1
582	1
583	3
583	5
584	3
584	5
584	2
584	4
585	1
585	4
585	5
586	1
586	3
587	2
587	1
588	5
589	4
589	2
590	2
590	4
590	5
590	3
591	3
591	5
592	2
592	3
593	4
593	2
593	5
594	4
594	1
595	5
595	3
595	2
595	1
596	2
596	4
596	3
596	5
597	2
597	3
597	1
597	4
598	4
598	1
598	5
598	3
599	5
599	1
600	2
600	3
600	5
600	1
601	1
601	2
601	3
601	4
602	2
603	4
603	2
603	1
603	5
604	2
604	4
605	5
605	4
605	1
605	3
606	2
606	1
606	3
606	5
607	5
608	2
608	3
608	1
609	5
609	1
609	3
610	4
610	3
610	1
611	4
612	2
612	1
612	3
612	5
613	2
613	4
613	3
614	2
615	1
616	1
616	2
616	5
616	3
617	3
617	5
617	1
617	4
618	4
618	5
618	3
619	1
619	4
619	2
619	3
620	1
620	3
620	5
621	1
621	4
621	5
622	5
623	4
623	5
623	3
624	2
624	4
624	1
625	5
626	1
626	4
627	4
627	2
627	5
627	3
628	3
629	1
629	4
629	5
630	3
631	2
632	4
632	2
632	3
632	1
633	2
633	1
634	3
634	4
634	5
635	1
635	3
635	2
636	2
636	1
636	5
636	3
637	4
638	1
638	4
638	2
638	3
639	5
639	3
640	3
640	1
640	4
640	5
641	2
642	1
642	5
642	2
642	4
643	1
643	4
643	2
643	3
644	1
644	5
644	3
644	4
645	3
645	2
646	3
646	4
646	5
646	1
647	3
647	1
647	5
647	2
648	4
649	1
649	2
650	4
651	2
651	1
651	5
651	3
652	4
652	2
652	5
652	3
653	5
654	3
655	5
655	2
655	3
656	2
656	5
656	4
656	1
657	5
657	1
657	4
657	3
658	4
658	1
658	3
658	2
659	3
659	2
659	5
660	4
660	5
661	4
661	3
661	1
662	4
663	4
663	1
664	1
664	4
664	3
665	5
665	3
665	1
665	4
666	5
666	4
666	2
666	3
667	3
667	2
667	1
668	4
669	4
669	5
669	3
669	2
670	2
670	4
671	4
672	3
672	4
672	5
673	5
674	3
674	2
674	4
675	4
675	2
676	5
676	3
676	1
676	4
677	1
677	4
678	5
678	3
678	2
679	5
679	2
679	1
680	4
680	1
680	3
680	5
681	4
681	3
681	5
682	2
682	5
682	4
682	3
683	2
684	5
684	3
684	4
684	2
685	4
686	4
686	5
686	3
686	2
687	5
687	3
687	4
688	1
688	3
688	5
688	2
689	2
689	1
690	5
690	3
691	2
692	5
692	2
692	3
692	4
693	1
694	2
694	4
694	5
694	3
695	2
695	4
695	5
695	1
696	5
697	3
697	2
697	4
697	1
698	5
698	4
699	3
699	2
699	1
700	1
700	4
701	2
701	5
701	1
702	1
702	3
702	5
703	1
703	5
703	2
703	3
704	1
704	3
704	4
705	5
705	3
706	2
706	4
707	4
707	5
708	3
708	5
708	4
709	2
709	3
709	1
710	3
711	5
711	3
711	2
712	4
712	5
712	2
712	3
713	3
714	2
714	1
714	3
715	1
715	4
715	2
716	1
716	2
716	4
716	5
717	3
718	5
719	2
719	1
720	2
720	5
721	1
721	5
721	3
722	2
722	4
722	3
723	3
723	2
723	1
724	1
724	2
724	4
725	3
725	4
726	4
726	3
726	2
726	5
727	1
728	5
729	2
\.


--
-- TOC entry 3460 (class 0 OID 16498)
-- Dependencies: 225
-- Data for Name: songs; Type: TABLE DATA; Schema: public; Owner: smp_user
--

COPY public.songs (id, title, duration, file_url, cover_url, album_id) FROM stdin;
3	Arising 190	00:02:08	/static/songs/1.mp3	/static/images/song_covers/1.png	16
105	Me and You 114	00:02:03	/static/songs/2.mp3	/static/images/song_covers/2.png	4
122	buskers 66	00:02:03	/static/songs/2.mp3	/static/images/song_covers/19.png	29
207	Japonaise 716	00:01:57	/static/songs/3.mp3	/static/images/song_covers/3.png	54
309	За туманом (А я еду, а я еду за туманом) 375	00:01:53	/static/songs/4.mp3	/static/images/song_covers/4.png	92
411	Settle-Scores 469	00:01:50	/static/songs/6.mp3	/static/images/song_covers/6.png	51
513	On a Tokyo Train 455	00:01:56	/static/songs/7.mp3	/static/images/song_covers/7.png	20
616	Беловежская пуща 519	00:02:06	/static/songs/8.mp3	/static/images/song_covers/8.png	58
718	Нежность 114	00:01:53	/static/songs/9.mp3	/static/images/song_covers/9.png	90
1	Just-Because 788	00:02:08	/static/songs/1.mp3	/static/images/song_covers/100.png	55
2	Tuffa Scout 439	00:02:08	/static/songs/1.mp3	/static/images/song_covers/0.png	45
4	Место для шага вперед 903	00:02:08	/static/songs/1.mp3	/static/images/song_covers/2.png	1
5	Halloween 176	00:02:08	/static/songs/1.mp3	/static/images/song_covers/3.png	37
6	Bohemian Groove 26	00:02:08	/static/songs/1.mp3	/static/images/song_covers/4.png	96
7	Slow-Silent 97	00:02:08	/static/songs/1.mp3	/static/images/song_covers/5.png	76
8	Burning Sunshine 421	00:02:08	/static/songs/1.mp3	/static/images/song_covers/6.png	52
9	Self Destruction 845	00:02:08	/static/songs/1.mp3	/static/images/song_covers/7.png	61
10	No-Wing 880	00:02:08	/static/songs/1.mp3	/static/images/song_covers/8.png	57
11	No-See 24	00:02:08	/static/songs/1.mp3	/static/images/song_covers/9.png	59
12	Spring 364	00:02:08	/static/songs/1.mp3	/static/images/song_covers/10.png	100
13	Песня о тревожной молодости 524	00:02:08	/static/songs/1.mp3	/static/images/song_covers/11.png	71
14	The-Fayre 958	00:02:08	/static/songs/1.mp3	/static/images/song_covers/12.png	42
15	Testing your limits 750	00:02:08	/static/songs/1.mp3	/static/images/song_covers/13.png	86
16	La-Rona 5	00:02:08	/static/songs/1.mp3	/static/images/song_covers/14.png	55
17	We-Know 943	00:02:08	/static/songs/1.mp3	/static/images/song_covers/15.png	68
18	Risco Verde 694	00:02:08	/static/songs/1.mp3	/static/images/song_covers/16.png	58
19	Heart Method 273	00:02:08	/static/songs/1.mp3	/static/images/song_covers/17.png	55
20	Дождь 754	00:02:08	/static/songs/1.mp3	/static/images/song_covers/18.png	97
21	Head-in-Clouds 351	00:02:08	/static/songs/1.mp3	/static/images/song_covers/19.png	35
22	Blue-Moons 107	00:02:08	/static/songs/1.mp3	/static/images/song_covers/20.png	67
23	Врагу не сдаётся наш гордый «Варяг» 25	00:02:08	/static/songs/1.mp3	/static/images/song_covers/21.png	34
24	Great Beginnings 507	00:02:08	/static/songs/1.mp3	/static/images/song_covers/22.png	71
25	CD Leroy Says No to Guns 872	00:02:08	/static/songs/1.mp3	/static/images/song_covers/23.png	2
26	Time For Poetry 319	00:02:08	/static/songs/1.mp3	/static/images/song_covers/24.png	97
27	Trumpets-of-Jericho 537	00:02:08	/static/songs/1.mp3	/static/images/song_covers/25.png	22
28	Get up and Go 517	00:02:08	/static/songs/1.mp3	/static/images/song_covers/26.png	33
29	Not Today 103	00:02:08	/static/songs/1.mp3	/static/images/song_covers/27.png	14
30	Bed3 160	00:02:08	/static/songs/1.mp3	/static/images/song_covers/28.png	59
31	The Gump 446	00:02:08	/static/songs/1.mp3	/static/images/song_covers/29.png	4
32	Trace-da-Funk-instrumental 139	00:02:08	/static/songs/1.mp3	/static/images/song_covers/30.png	88
33	As the Sunshine Returns 222	00:02:08	/static/songs/1.mp3	/static/images/song_covers/31.png	86
34	CD Leroy Says No to Guns 98	00:02:08	/static/songs/1.mp3	/static/images/song_covers/32.png	42
35	Poppy 979	00:02:08	/static/songs/1.mp3	/static/images/song_covers/33.png	66
36	Песня о тревожной молодости 342	00:02:08	/static/songs/1.mp3	/static/images/song_covers/34.png	73
37	Старый клён 224	00:02:08	/static/songs/1.mp3	/static/images/song_covers/35.png	28
38	In The City 428	00:02:08	/static/songs/1.mp3	/static/images/song_covers/36.png	97
39	Righteous 398	00:02:08	/static/songs/1.mp3	/static/images/song_covers/37.png	54
40	The day it all began and it all ended 858	00:02:08	/static/songs/1.mp3	/static/images/song_covers/38.png	36
41	Группа крови 670	00:02:08	/static/songs/1.mp3	/static/images/song_covers/39.png	10
42	Self-Sabotage 938	00:02:08	/static/songs/1.mp3	/static/images/song_covers/40.png	66
43	The Greaser 410	00:02:08	/static/songs/1.mp3	/static/images/song_covers/41.png	23
44	Bed3 927	00:02:08	/static/songs/1.mp3	/static/images/song_covers/42.png	74
45	Forgotten-Days 676	00:02:08	/static/songs/1.mp3	/static/images/song_covers/43.png	20
46	Мой рок-н-ролл 775	00:02:08	/static/songs/1.mp3	/static/images/song_covers/44.png	84
47	Three Feet Of Snow 287	00:02:08	/static/songs/1.mp3	/static/images/song_covers/45.png	72
48	Есть только миг 549	00:02:08	/static/songs/1.mp3	/static/images/song_covers/46.png	80
49	Before Too Long 973	00:02:08	/static/songs/1.mp3	/static/images/song_covers/47.png	93
50	Take-Away 542	00:02:08	/static/songs/1.mp3	/static/images/song_covers/48.png	84
51	Aloft 390	00:02:08	/static/songs/1.mp3	/static/images/song_covers/49.png	70
52	Deja Vu 205	00:02:08	/static/songs/1.mp3	/static/images/song_covers/50.png	82
53	In The Jungle 633	00:02:08	/static/songs/1.mp3	/static/images/song_covers/51.png	17
54	In The Jungle 967	00:02:08	/static/songs/1.mp3	/static/images/song_covers/52.png	80
55	Для меня нет тебя прекрасней 828	00:02:08	/static/songs/1.mp3	/static/images/song_covers/53.png	9
56	summer breeze 121	00:02:08	/static/songs/1.mp3	/static/images/song_covers/54.png	4
57	Beetlejuice 367	00:02:08	/static/songs/1.mp3	/static/images/song_covers/55.png	3
58	Звезда по имени Солнце 916	00:02:08	/static/songs/1.mp3	/static/images/song_covers/56.png	17
59	beach stroll 750	00:02:08	/static/songs/1.mp3	/static/images/song_covers/57.png	81
60	The-Fayre 161	00:02:08	/static/songs/1.mp3	/static/images/song_covers/58.png	92
61	Песня без слов 382	00:02:08	/static/songs/1.mp3	/static/images/song_covers/59.png	91
62	Complete Me Sometimes 574	00:02:08	/static/songs/1.mp3	/static/images/song_covers/60.png	54
63	Bohemian Groove 598	00:02:08	/static/songs/1.mp3	/static/images/song_covers/61.png	73
64	Augustine's Restless Heart 666	00:02:08	/static/songs/1.mp3	/static/images/song_covers/62.png	65
65	Where the Sun Set 230	00:02:08	/static/songs/1.mp3	/static/images/song_covers/63.png	22
66	Holla Back Girl 326	00:02:08	/static/songs/1.mp3	/static/images/song_covers/64.png	70
67	Stupid Song 846	00:02:08	/static/songs/1.mp3	/static/images/song_covers/65.png	35
68	Manwell 650	00:02:08	/static/songs/1.mp3	/static/images/song_covers/66.png	86
69	Satellites 168	00:02:08	/static/songs/1.mp3	/static/images/song_covers/67.png	9
70	Crooked Townie 742	00:02:08	/static/songs/1.mp3	/static/images/song_covers/68.png	68
71	Клён 29	00:02:08	/static/songs/1.mp3	/static/images/song_covers/69.png	25
72	Testing your limits 813	00:02:08	/static/songs/1.mp3	/static/images/song_covers/70.png	51
73	Пачка сигарет 265	00:02:08	/static/songs/1.mp3	/static/images/song_covers/71.png	39
74	BlueTrue 18	00:02:08	/static/songs/1.mp3	/static/images/song_covers/72.png	90
75	Есть только миг 815	00:02:08	/static/songs/1.mp3	/static/images/song_covers/73.png	37
76	Город 228	00:02:08	/static/songs/1.mp3	/static/images/song_covers/74.png	22
77	Лесной олень 6	00:02:08	/static/songs/1.mp3	/static/images/song_covers/75.png	2
78	Я хочу быть с тобой 638	00:02:08	/static/songs/1.mp3	/static/images/song_covers/76.png	92
79	Восточная песня 297	00:02:08	/static/songs/1.mp3	/static/images/song_covers/77.png	3
80	Хочу перемен 978	00:02:08	/static/songs/1.mp3	/static/images/song_covers/78.png	75
81	Me and You 518	00:02:08	/static/songs/1.mp3	/static/images/song_covers/79.png	38
82	End Credits 11	00:02:03	/static/songs/2.mp3	/static/images/song_covers/80.png	7
83	Rain-Soaked Window 636	00:02:03	/static/songs/2.mp3	/static/images/song_covers/81.png	95
84	Loving the Loving 830	00:02:03	/static/songs/2.mp3	/static/images/song_covers/82.png	22
85	Пачка сигарет 806	00:02:03	/static/songs/2.mp3	/static/images/song_covers/83.png	38
86	Trace-da-Funk-instrumental 964	00:02:03	/static/songs/2.mp3	/static/images/song_covers/84.png	20
87	Synthemania Riddim 300	00:02:03	/static/songs/2.mp3	/static/images/song_covers/85.png	52
88	Airflow 141	00:02:03	/static/songs/2.mp3	/static/images/song_covers/86.png	93
89	Volery 240	00:02:03	/static/songs/2.mp3	/static/images/song_covers/87.png	49
90	Как здорово, что все мы здесь сегодня собрались 825	00:02:03	/static/songs/2.mp3	/static/images/song_covers/88.png	79
91	Walk the Walk 631	00:02:03	/static/songs/2.mp3	/static/images/song_covers/89.png	20
92	The day it all began and it all ended 118	00:02:03	/static/songs/2.mp3	/static/images/song_covers/90.png	35
93	Jello 803	00:02:03	/static/songs/2.mp3	/static/images/song_covers/91.png	36
94	Running Eiskrokodil 973	00:02:03	/static/songs/2.mp3	/static/images/song_covers/92.png	68
95	Battleground 953	00:02:03	/static/songs/2.mp3	/static/images/song_covers/93.png	75
96	You got my Horses 891	00:02:03	/static/songs/2.mp3	/static/images/song_covers/94.png	68
97	Catch and Release 262	00:02:03	/static/songs/2.mp3	/static/images/song_covers/95.png	94
98	Infinite Patience 44	00:02:03	/static/songs/2.mp3	/static/images/song_covers/96.png	75
99	Walk the Walk 143	00:02:03	/static/songs/2.mp3	/static/images/song_covers/97.png	11
100	Oriental Waltz (Orchestral) 335	00:02:03	/static/songs/2.mp3	/static/images/song_covers/98.png	15
101	Город 401	00:02:03	/static/songs/2.mp3	/static/images/song_covers/99.png	77
102	No-Wing 979	00:02:03	/static/songs/2.mp3	/static/images/song_covers/100.png	31
103	Synchronised 297	00:02:03	/static/songs/2.mp3	/static/images/song_covers/0.png	89
104	A Yankees Southern Blues 173	00:02:03	/static/songs/2.mp3	/static/images/song_covers/1.png	62
106	Fried 385	00:02:03	/static/songs/2.mp3	/static/images/song_covers/3.png	4
107	Sitting-Fog 282	00:02:03	/static/songs/2.mp3	/static/images/song_covers/4.png	79
108	Risco Verde 65	00:02:03	/static/songs/2.mp3	/static/images/song_covers/5.png	98
109	End Credits 563	00:02:03	/static/songs/2.mp3	/static/images/song_covers/6.png	5
110	Aced-It 474	00:02:03	/static/songs/2.mp3	/static/images/song_covers/7.png	79
111	Derived 719	00:02:03	/static/songs/2.mp3	/static/images/song_covers/8.png	63
112	rainday 871	00:02:03	/static/songs/2.mp3	/static/images/song_covers/9.png	78
113	Lullaby Sweet Dreams 596	00:02:03	/static/songs/2.mp3	/static/images/song_covers/10.png	87
114	Motion-Forward 754	00:02:03	/static/songs/2.mp3	/static/images/song_covers/11.png	98
115	Враги сожгли родную хату 63	00:02:03	/static/songs/2.mp3	/static/images/song_covers/12.png	64
116	Lilith 936	00:02:03	/static/songs/2.mp3	/static/images/song_covers/13.png	37
117	Infinite Patience 473	00:02:03	/static/songs/2.mp3	/static/images/song_covers/14.png	13
118	Icar Fell 860	00:02:03	/static/songs/2.mp3	/static/images/song_covers/15.png	51
119	sailing day 918	00:02:03	/static/songs/2.mp3	/static/images/song_covers/16.png	7
120	Old-Thoughts 883	00:02:03	/static/songs/2.mp3	/static/images/song_covers/17.png	90
121	Deeper-Roots 715	00:02:03	/static/songs/2.mp3	/static/images/song_covers/18.png	5
123	Mist 750	00:02:03	/static/songs/2.mp3	/static/images/song_covers/20.png	82
124	Анастасия 408	00:02:03	/static/songs/2.mp3	/static/images/song_covers/21.png	76
125	Песня без слов 182	00:02:03	/static/songs/2.mp3	/static/images/song_covers/22.png	32
126	Белой акации гроздья душистые 735	00:02:03	/static/songs/2.mp3	/static/images/song_covers/23.png	72
127	Death Valley 155	00:02:03	/static/songs/2.mp3	/static/images/song_covers/24.png	60
128	Heart Method 899	00:02:03	/static/songs/2.mp3	/static/images/song_covers/25.png	11
129	Head-in-Clouds 672	00:02:03	/static/songs/2.mp3	/static/images/song_covers/26.png	58
130	Анастасия 224	00:02:03	/static/songs/2.mp3	/static/images/song_covers/27.png	92
131	Bed3 174	00:02:03	/static/songs/2.mp3	/static/images/song_covers/28.png	35
132	Я хочу быть с тобой 781	00:02:03	/static/songs/2.mp3	/static/images/song_covers/29.png	50
133	Lullaby for a Robot 543	00:02:03	/static/songs/2.mp3	/static/images/song_covers/30.png	29
134	Traveling to Lousiana - Soft Delay 325	00:02:03	/static/songs/2.mp3	/static/images/song_covers/31.png	39
135	Пачка сигарет 949	00:02:03	/static/songs/2.mp3	/static/images/song_covers/32.png	99
136	Watching the Stars 82	00:02:03	/static/songs/2.mp3	/static/images/song_covers/33.png	45
137	Me and You 274	00:02:03	/static/songs/2.mp3	/static/images/song_covers/34.png	18
138	Голубые города 840	00:02:03	/static/songs/2.mp3	/static/images/song_covers/35.png	42
139	Surrendered 669	00:02:03	/static/songs/2.mp3	/static/images/song_covers/36.png	76
140	Derived 323	00:02:03	/static/songs/2.mp3	/static/images/song_covers/37.png	35
141	Before Too Long 800	00:02:03	/static/songs/2.mp3	/static/images/song_covers/38.png	1
142	In Between Moments (Motëm's Poser Mix) 537	00:02:03	/static/songs/2.mp3	/static/images/song_covers/39.png	22
143	Before Too Long 837	00:02:03	/static/songs/2.mp3	/static/images/song_covers/40.png	26
144	Последняя электричка 418	00:02:03	/static/songs/2.mp3	/static/images/song_covers/41.png	75
145	Juice 459	00:02:03	/static/songs/2.mp3	/static/images/song_covers/42.png	81
146	Lost-On-Country-Roads 971	00:02:03	/static/songs/2.mp3	/static/images/song_covers/43.png	77
147	Веретено 693	00:02:03	/static/songs/2.mp3	/static/images/song_covers/44.png	39
148	Traveling with Corina - Long 681	00:02:03	/static/songs/2.mp3	/static/images/song_covers/45.png	74
149	Летний вечер 684	00:02:03	/static/songs/2.mp3	/static/images/song_covers/46.png	74
150	Starfire 807	00:02:03	/static/songs/2.mp3	/static/images/song_covers/47.png	93
151	paddleboat race 649	00:02:03	/static/songs/2.mp3	/static/images/song_covers/48.png	49
152	Old-Thoughts 157	00:02:03	/static/songs/2.mp3	/static/images/song_covers/49.png	76
153	Space Cop 178	00:02:03	/static/songs/2.mp3	/static/images/song_covers/50.png	63
154	The-Fayre 811	00:02:03	/static/songs/2.mp3	/static/images/song_covers/51.png	55
155	Chromatismus 528	00:02:03	/static/songs/2.mp3	/static/images/song_covers/52.png	37
156	Augustine's Restless Heart 684	00:02:03	/static/songs/2.mp3	/static/images/song_covers/53.png	76
157	Midnight-Ambience 172	00:02:03	/static/songs/2.mp3	/static/images/song_covers/54.png	21
158	Righteous 540	00:02:03	/static/songs/2.mp3	/static/images/song_covers/55.png	68
159	On The Freeway 449	00:02:03	/static/songs/2.mp3	/static/images/song_covers/56.png	75
160	In Between Moments (Motëm's Poser Mix) 166	00:02:03	/static/songs/2.mp3	/static/images/song_covers/57.png	15
161	Для меня нет тебя прекрасней 576	00:02:03	/static/songs/2.mp3	/static/images/song_covers/58.png	76
162	Christmas Bells 480	00:02:03	/static/songs/2.mp3	/static/images/song_covers/59.png	48
163	rainday 624	00:01:57	/static/songs/3.mp3	/static/images/song_covers/60.png	15
164	Я к тебе не подойду 80	00:01:57	/static/songs/3.mp3	/static/images/song_covers/61.png	53
165	Lullaby Sweet Dreams 597	00:01:57	/static/songs/3.mp3	/static/images/song_covers/62.png	12
166	День Победы 837	00:01:57	/static/songs/3.mp3	/static/images/song_covers/63.png	94
167	Mist 150	00:01:57	/static/songs/3.mp3	/static/images/song_covers/64.png	14
168	Moderate Passion Tango 563	00:01:57	/static/songs/3.mp3	/static/images/song_covers/65.png	98
169	А годы летят 958	00:01:57	/static/songs/3.mp3	/static/images/song_covers/66.png	40
170	Big-D 345	00:01:57	/static/songs/3.mp3	/static/images/song_covers/67.png	63
171	A Simple Life 79	00:01:57	/static/songs/3.mp3	/static/images/song_covers/68.png	11
172	Двадцать лет спустя 438	00:01:57	/static/songs/3.mp3	/static/images/song_covers/69.png	63
173	Cloud Cover 747	00:01:57	/static/songs/3.mp3	/static/images/song_covers/70.png	45
174	Playing-Catch 97	00:01:57	/static/songs/3.mp3	/static/images/song_covers/71.png	67
175	Down in the Knucker Hole 389	00:01:57	/static/songs/3.mp3	/static/images/song_covers/72.png	61
176	Mermaids-Trapped 681	00:01:57	/static/songs/3.mp3	/static/images/song_covers/73.png	48
177	Restless 400	00:01:57	/static/songs/3.mp3	/static/images/song_covers/74.png	45
178	Depression Part 2 965	00:01:57	/static/songs/3.mp3	/static/images/song_covers/75.png	99
179	А люди уходят в море 716	00:01:57	/static/songs/3.mp3	/static/images/song_covers/76.png	67
180	Get up and Go 43	00:01:57	/static/songs/3.mp3	/static/images/song_covers/77.png	27
181	День Победы 499	00:01:57	/static/songs/3.mp3	/static/images/song_covers/78.png	93
182	SeaFood 202	00:01:57	/static/songs/3.mp3	/static/images/song_covers/79.png	59
183	Deja Vu 274	00:01:57	/static/songs/3.mp3	/static/images/song_covers/80.png	96
184	Lullaby Sweet Dreams 823	00:01:57	/static/songs/3.mp3	/static/images/song_covers/81.png	66
185	No-Wing 107	00:01:57	/static/songs/3.mp3	/static/images/song_covers/82.png	48
186	Bed2 82	00:01:57	/static/songs/3.mp3	/static/images/song_covers/83.png	63
187	Rain-Soaked Window 223	00:01:57	/static/songs/3.mp3	/static/images/song_covers/84.png	23
188	The Kid who played Alone 925	00:01:57	/static/songs/3.mp3	/static/images/song_covers/85.png	80
189	Self Destruction 606	00:01:57	/static/songs/3.mp3	/static/images/song_covers/86.png	80
190	BornKing 534	00:01:57	/static/songs/3.mp3	/static/images/song_covers/87.png	25
191	Examples 382	00:01:57	/static/songs/3.mp3	/static/images/song_covers/88.png	14
192	Дубинушка  536	00:01:57	/static/songs/3.mp3	/static/images/song_covers/89.png	27
193	Позови меня тихо по имени 223	00:01:57	/static/songs/3.mp3	/static/images/song_covers/90.png	9
194	ocean view 506	00:01:57	/static/songs/3.mp3	/static/images/song_covers/91.png	80
195	Дождь 13	00:01:57	/static/songs/3.mp3	/static/images/song_covers/92.png	21
196	A Dream that Came True 923	00:01:57	/static/songs/3.mp3	/static/images/song_covers/93.png	63
197	На всю оставшуюся жизнь 855	00:01:57	/static/songs/3.mp3	/static/images/song_covers/94.png	81
198	Поклонимся великим тем годам 797	00:01:57	/static/songs/3.mp3	/static/images/song_covers/95.png	100
199	Trumpets-of-Jericho 411	00:01:57	/static/songs/3.mp3	/static/images/song_covers/96.png	50
200	Hold the Ace 986	00:01:57	/static/songs/3.mp3	/static/images/song_covers/97.png	99
201	Песня без слов 425	00:01:57	/static/songs/3.mp3	/static/images/song_covers/98.png	6
202	Степь да степь кругом 111	00:01:57	/static/songs/3.mp3	/static/images/song_covers/99.png	87
203	Moderate Passion Tango 878	00:01:57	/static/songs/3.mp3	/static/images/song_covers/100.png	47
204	Told Me Early 613	00:01:57	/static/songs/3.mp3	/static/images/song_covers/0.png	80
205	Музыкант 338	00:01:57	/static/songs/3.mp3	/static/images/song_covers/1.png	81
206	Busking In the SunLight 766	00:01:57	/static/songs/3.mp3	/static/images/song_covers/2.png	62
208	Cress Riddim 100	00:01:57	/static/songs/3.mp3	/static/images/song_covers/4.png	83
209	Wind-it-Up 180	00:01:57	/static/songs/3.mp3	/static/images/song_covers/5.png	60
210	Melting-Stars 33	00:01:57	/static/songs/3.mp3	/static/images/song_covers/6.png	65
211	Эхо любви 431	00:01:57	/static/songs/3.mp3	/static/images/song_covers/7.png	48
212	On The Freeway 726	00:01:57	/static/songs/3.mp3	/static/images/song_covers/8.png	45
213	Ходит песенка по кругу 286	00:01:57	/static/songs/3.mp3	/static/images/song_covers/9.png	72
214	paddleboat race 644	00:01:57	/static/songs/3.mp3	/static/images/song_covers/10.png	9
215	Двадцать лет спустя 809	00:01:57	/static/songs/3.mp3	/static/images/song_covers/11.png	12
216	Get Down 523	00:01:57	/static/songs/3.mp3	/static/images/song_covers/12.png	47
217	Testing your limits 725	00:01:57	/static/songs/3.mp3	/static/images/song_covers/13.png	52
218	If-You-re-Wondering 898	00:01:57	/static/songs/3.mp3	/static/images/song_covers/14.png	45
219	Нам с тобой 719	00:01:57	/static/songs/3.mp3	/static/images/song_covers/15.png	8
220	Traveling with Corina - Long 578	00:01:57	/static/songs/3.mp3	/static/images/song_covers/16.png	69
221	Rekindle 507	00:01:57	/static/songs/3.mp3	/static/images/song_covers/17.png	44
222	Earth-and-the-Moon 603	00:01:57	/static/songs/3.mp3	/static/images/song_covers/18.png	85
223	Promenade 483	00:01:57	/static/songs/3.mp3	/static/images/song_covers/19.png	36
224	Голубые города 52	00:01:57	/static/songs/3.mp3	/static/images/song_covers/20.png	22
225	Walpurgis Night 863	00:01:57	/static/songs/3.mp3	/static/images/song_covers/21.png	33
226	Satellites 849	00:01:57	/static/songs/3.mp3	/static/images/song_covers/22.png	84
227	BlueTrue 804	00:01:57	/static/songs/3.mp3	/static/images/song_covers/23.png	87
228	Not Today 559	00:01:57	/static/songs/3.mp3	/static/images/song_covers/24.png	59
229	Starfire 882	00:01:57	/static/songs/3.mp3	/static/images/song_covers/25.png	26
230	Песня о тревожной молодости 872	00:01:57	/static/songs/3.mp3	/static/images/song_covers/26.png	75
231	Moderate Passion Tango 551	00:01:57	/static/songs/3.mp3	/static/images/song_covers/27.png	16
232	Melting-Stars 681	00:01:57	/static/songs/3.mp3	/static/images/song_covers/28.png	7
233	Catch and Release 207	00:01:57	/static/songs/3.mp3	/static/images/song_covers/29.png	63
234	Moderate Passion Tango 53	00:01:57	/static/songs/3.mp3	/static/images/song_covers/30.png	85
235	Testing your limits 662	00:01:57	/static/songs/3.mp3	/static/images/song_covers/31.png	70
236	Life's Rhythms 348	00:01:57	/static/songs/3.mp3	/static/images/song_covers/32.png	44
237	Loving the Loving 233	00:01:57	/static/songs/3.mp3	/static/images/song_covers/33.png	96
238	Legends 90	00:01:57	/static/songs/3.mp3	/static/images/song_covers/34.png	96
239	Поклонимся великим тем годам 40	00:01:57	/static/songs/3.mp3	/static/images/song_covers/35.png	60
240	Augustine's Restless Heart 706	00:01:57	/static/songs/3.mp3	/static/images/song_covers/36.png	76
241	Busted AC Unit 561	00:01:57	/static/songs/3.mp3	/static/images/song_covers/37.png	28
242	kite flying 706	00:01:57	/static/songs/3.mp3	/static/images/song_covers/38.png	68
243	Therapy 497	00:01:57	/static/songs/3.mp3	/static/images/song_covers/39.png	46
244	В последнюю осень 408	00:01:53	/static/songs/4.mp3	/static/images/song_covers/40.png	1
245	Busking In the SunLight 190	00:01:53	/static/songs/4.mp3	/static/images/song_covers/41.png	9
246	Virtual Love 582	00:01:53	/static/songs/4.mp3	/static/images/song_covers/42.png	10
247	Моё богатство 814	00:01:53	/static/songs/4.mp3	/static/images/song_covers/43.png	81
248	Just-Because 670	00:01:53	/static/songs/4.mp3	/static/images/song_covers/44.png	6
249	Snow-Dawn 768	00:01:53	/static/songs/4.mp3	/static/images/song_covers/45.png	12
250	Monsters of the past 171	00:01:53	/static/songs/4.mp3	/static/images/song_covers/46.png	65
251	The-Fayre 608	00:01:53	/static/songs/4.mp3	/static/images/song_covers/47.png	18
252	Battleground 620	00:01:53	/static/songs/4.mp3	/static/images/song_covers/48.png	87
253	Moderate Passion Tango 613	00:01:53	/static/songs/4.mp3	/static/images/song_covers/49.png	78
254	Oriental Waltz (Orchestral) 205	00:01:53	/static/songs/4.mp3	/static/images/song_covers/50.png	89
255	Walk the Walk 302	00:01:53	/static/songs/4.mp3	/static/images/song_covers/51.png	49
256	Suntax 278	00:01:53	/static/songs/4.mp3	/static/images/song_covers/52.png	28
257	Луч солнца золотого 247	00:01:53	/static/songs/4.mp3	/static/images/song_covers/53.png	12
258	В лесу прифронтовом 100	00:01:53	/static/songs/4.mp3	/static/images/song_covers/54.png	39
259	Falling-Fort 225	00:01:53	/static/songs/4.mp3	/static/images/song_covers/55.png	24
260	Walpurgis Night 714	00:01:53	/static/songs/4.mp3	/static/images/song_covers/56.png	68
261	Течет река Волга 271	00:01:53	/static/songs/4.mp3	/static/images/song_covers/57.png	5
262	Гляжу в озёра синие 444	00:01:53	/static/songs/4.mp3	/static/images/song_covers/58.png	79
263	Вечный огонь (От героев былых времён) 508	00:01:53	/static/songs/4.mp3	/static/images/song_covers/59.png	80
264	Jello 675	00:01:53	/static/songs/4.mp3	/static/images/song_covers/60.png	71
265	Dark Texture 489	00:01:53	/static/songs/4.mp3	/static/images/song_covers/61.png	64
266	Barry's Revenge 536	00:01:53	/static/songs/4.mp3	/static/images/song_covers/62.png	68
267	Creepers 564	00:01:53	/static/songs/4.mp3	/static/images/song_covers/63.png	78
327	Examples 191	00:02:05	/static/songs/5.mp3	/static/images/song_covers/22.png	19
268	Как здорово, что все мы здесь сегодня собрались 767	00:01:53	/static/songs/4.mp3	/static/images/song_covers/64.png	91
269	The-Fayre 219	00:01:53	/static/songs/4.mp3	/static/images/song_covers/65.png	21
270	Arising 0	00:01:53	/static/songs/4.mp3	/static/images/song_covers/66.png	31
271	You got my Horses 103	00:01:53	/static/songs/4.mp3	/static/images/song_covers/67.png	81
272	Run with a power of a thousand soldiers 960	00:01:53	/static/songs/4.mp3	/static/images/song_covers/68.png	95
273	Satellites 306	00:01:53	/static/songs/4.mp3	/static/images/song_covers/69.png	60
274	Я тебя никогда не забуду 985	00:01:53	/static/songs/4.mp3	/static/images/song_covers/70.png	24
275	Synthemania Riddim 538	00:01:53	/static/songs/4.mp3	/static/images/song_covers/71.png	46
276	Тонкая рябина 670	00:01:53	/static/songs/4.mp3	/static/images/song_covers/72.png	22
277	If-You-re-Wondering 185	00:01:53	/static/songs/4.mp3	/static/images/song_covers/73.png	31
278	ocean view 797	00:01:53	/static/songs/4.mp3	/static/images/song_covers/74.png	31
279	Беловежская пуща 647	00:01:53	/static/songs/4.mp3	/static/images/song_covers/75.png	64
280	Летний вечер 496	00:01:53	/static/songs/4.mp3	/static/images/song_covers/76.png	51
281	Promenade 994	00:01:53	/static/songs/4.mp3	/static/images/song_covers/77.png	43
282	Don't you dare to breathe 21	00:01:53	/static/songs/4.mp3	/static/images/song_covers/78.png	3
283	Дождь 777	00:01:53	/static/songs/4.mp3	/static/images/song_covers/79.png	46
284	Подмосковные вечера 201	00:01:53	/static/songs/4.mp3	/static/images/song_covers/80.png	49
285	Враги сожгли родную хату 813	00:01:53	/static/songs/4.mp3	/static/images/song_covers/81.png	26
286	Needless-to Say 883	00:01:53	/static/songs/4.mp3	/static/images/song_covers/82.png	1
287	Эхо любви 147	00:01:53	/static/songs/4.mp3	/static/images/song_covers/83.png	21
288	Wind-it-Up 991	00:01:53	/static/songs/4.mp3	/static/images/song_covers/84.png	46
289	Враги сожгли родную хату 440	00:01:53	/static/songs/4.mp3	/static/images/song_covers/85.png	85
290	Monsters of the past 835	00:01:53	/static/songs/4.mp3	/static/images/song_covers/86.png	90
291	Japonaise 308	00:01:53	/static/songs/4.mp3	/static/images/song_covers/87.png	17
292	Derived 764	00:01:53	/static/songs/4.mp3	/static/images/song_covers/88.png	27
293	Döner Djinn 58	00:01:53	/static/songs/4.mp3	/static/images/song_covers/89.png	42
294	Sunnyside 39	00:01:53	/static/songs/4.mp3	/static/images/song_covers/90.png	31
295	Glass Beach 42	00:01:53	/static/songs/4.mp3	/static/images/song_covers/91.png	67
296	New Holy Verse 380	00:01:53	/static/songs/4.mp3	/static/images/song_covers/92.png	28
297	AB CD 133	00:01:53	/static/songs/4.mp3	/static/images/song_covers/93.png	49
298	Город 300	00:01:53	/static/songs/4.mp3	/static/images/song_covers/94.png	22
299	Loving the Loving 198	00:01:53	/static/songs/4.mp3	/static/images/song_covers/95.png	76
300	Это всё 645	00:01:53	/static/songs/4.mp3	/static/images/song_covers/96.png	6
301	Beetlejuice 873	00:01:53	/static/songs/4.mp3	/static/images/song_covers/97.png	77
302	You got my Horses 918	00:01:53	/static/songs/4.mp3	/static/images/song_covers/98.png	56
303	Work Wonders 219	00:01:53	/static/songs/4.mp3	/static/images/song_covers/99.png	69
304	Synthemania Riddim 191	00:01:53	/static/songs/4.mp3	/static/images/song_covers/100.png	10
305	Анастасия 54	00:01:53	/static/songs/4.mp3	/static/images/song_covers/0.png	25
306	Reworking 21	00:01:53	/static/songs/4.mp3	/static/images/song_covers/1.png	9
307	Летний вечер 963	00:01:53	/static/songs/4.mp3	/static/images/song_covers/2.png	22
308	Japonaise 7	00:01:53	/static/songs/4.mp3	/static/images/song_covers/3.png	50
310	Can-t-touch-me 704	00:01:53	/static/songs/4.mp3	/static/images/song_covers/5.png	55
311	How-Ya-Mean 697	00:01:53	/static/songs/4.mp3	/static/images/song_covers/6.png	98
312	Я к тебе не подойду 325	00:01:53	/static/songs/4.mp3	/static/images/song_covers/7.png	31
313	Любовь и разлука 443	00:01:53	/static/songs/4.mp3	/static/images/song_covers/8.png	19
314	Enough 442	00:01:53	/static/songs/4.mp3	/static/images/song_covers/9.png	96
315	Stingy Jack 998	00:01:53	/static/songs/4.mp3	/static/images/song_covers/10.png	53
316	Пачка сигарет 84	00:01:53	/static/songs/4.mp3	/static/images/song_covers/11.png	14
317	Presetum Operandi 835	00:01:53	/static/songs/4.mp3	/static/images/song_covers/12.png	84
318	Спокойная ночь 539	00:01:53	/static/songs/4.mp3	/static/images/song_covers/13.png	25
319	Пачка сигарет 123	00:01:53	/static/songs/4.mp3	/static/images/song_covers/14.png	1
320	paddleboat race 155	00:01:53	/static/songs/4.mp3	/static/images/song_covers/15.png	6
321	Dr Dan Will See You Now 757	00:01:53	/static/songs/4.mp3	/static/images/song_covers/16.png	45
322	Snow-Dawn 111	00:01:53	/static/songs/4.mp3	/static/images/song_covers/17.png	62
323	Двадцать лет спустя 981	00:01:53	/static/songs/4.mp3	/static/images/song_covers/18.png	75
324	Песня без слов 956	00:01:53	/static/songs/4.mp3	/static/images/song_covers/19.png	13
325	Abiogenesis Musical Poem 937	00:02:05	/static/songs/5.mp3	/static/images/song_covers/20.png	2
326	Synthemania Riddim 483	00:02:05	/static/songs/5.mp3	/static/images/song_covers/21.png	78
328	Эти глаза напротив 70	00:02:05	/static/songs/5.mp3	/static/images/song_covers/23.png	96
329	Virtual Love 901	00:02:05	/static/songs/5.mp3	/static/images/song_covers/24.png	30
330	Just-Because 477	00:02:05	/static/songs/5.mp3	/static/images/song_covers/25.png	82
331	День Победы 843	00:02:05	/static/songs/5.mp3	/static/images/song_covers/26.png	16
332	Yallery Brown 895	00:02:05	/static/songs/5.mp3	/static/images/song_covers/27.png	27
333	Ольга 16	00:02:05	/static/songs/5.mp3	/static/images/song_covers/28.png	32
334	If-I-Left 878	00:02:05	/static/songs/5.mp3	/static/images/song_covers/29.png	45
335	Fireflies 717	00:02:05	/static/songs/5.mp3	/static/images/song_covers/30.png	36
336	Eternal-Funk-Palace 131	00:02:05	/static/songs/5.mp3	/static/images/song_covers/31.png	57
337	Glass Beach 555	00:02:05	/static/songs/5.mp3	/static/images/song_covers/32.png	8
338	rainday 517	00:02:05	/static/songs/5.mp3	/static/images/song_covers/33.png	22
339	Место для шага вперед 514	00:02:05	/static/songs/5.mp3	/static/images/song_covers/34.png	78
340	Manwell 167	00:02:05	/static/songs/5.mp3	/static/images/song_covers/35.png	94
341	Walpurgis Night 504	00:02:05	/static/songs/5.mp3	/static/images/song_covers/36.png	3
342	Тёмная ночь 332	00:02:05	/static/songs/5.mp3	/static/images/song_covers/37.png	53
343	Луч солнца золотого 343	00:02:05	/static/songs/5.mp3	/static/images/song_covers/38.png	62
344	A Yankees Southern Blues 997	00:02:05	/static/songs/5.mp3	/static/images/song_covers/39.png	5
345	Красное на черном 939	00:02:05	/static/songs/5.mp3	/static/images/song_covers/40.png	74
346	Mist 509	00:02:05	/static/songs/5.mp3	/static/images/song_covers/41.png	88
347	Звездочка моя ясная 370	00:02:05	/static/songs/5.mp3	/static/images/song_covers/42.png	35
348	Progress 831	00:02:05	/static/songs/5.mp3	/static/images/song_covers/43.png	97
349	Cloud-Dream 107	00:02:05	/static/songs/5.mp3	/static/images/song_covers/44.png	96
350	Что такое осень 387	00:02:05	/static/songs/5.mp3	/static/images/song_covers/46.png	98
351	The Kid who played Alone 434	00:02:05	/static/songs/5.mp3	/static/images/song_covers/47.png	79
352	Красное на черном 490	00:02:05	/static/songs/5.mp3	/static/images/song_covers/48.png	54
353	Тёмная ночь 194	00:02:05	/static/songs/5.mp3	/static/images/song_covers/49.png	24
354	Speedy Delta 990	00:02:05	/static/songs/5.mp3	/static/images/song_covers/50.png	53
355	The day it all began and it all ended 128	00:02:05	/static/songs/5.mp3	/static/images/song_covers/51.png	26
356	В последнюю осень 253	00:02:05	/static/songs/5.mp3	/static/images/song_covers/52.png	92
357	Speedy Delta 688	00:02:05	/static/songs/5.mp3	/static/images/song_covers/53.png	50
358	You got my Horses 905	00:02:05	/static/songs/5.mp3	/static/images/song_covers/54.png	60
359	Wind-it-Up 901	00:02:05	/static/songs/5.mp3	/static/images/song_covers/55.png	58
360	The Kid who played Alone 469	00:02:05	/static/songs/5.mp3	/static/images/song_covers/56.png	76
361	Течет река Волга 693	00:02:05	/static/songs/5.mp3	/static/images/song_covers/57.png	9
362	Traveling with Corina - Long 651	00:02:05	/static/songs/5.mp3	/static/images/song_covers/58.png	36
363	Eternal-Funk-Palace 132	00:02:05	/static/songs/5.mp3	/static/images/song_covers/59.png	92
364	Stupid Song 51	00:02:05	/static/songs/5.mp3	/static/images/song_covers/60.png	99
365	Voight-Kampff 656	00:02:05	/static/songs/5.mp3	/static/images/song_covers/61.png	51
366	Settle-Scores 375	00:02:05	/static/songs/5.mp3	/static/images/song_covers/62.png	47
367	The Paths Which Choose Us 55	00:02:05	/static/songs/5.mp3	/static/images/song_covers/63.png	40
368	Coins 179	00:02:05	/static/songs/5.mp3	/static/images/song_covers/64.png	77
369	Aloft 536	00:02:05	/static/songs/5.mp3	/static/images/song_covers/65.png	16
370	Город, которого нет 243	00:02:05	/static/songs/5.mp3	/static/images/song_covers/66.png	80
371	Risen 234	00:02:05	/static/songs/5.mp3	/static/images/song_covers/67.png	19
372	La-Rona 243	00:02:05	/static/songs/5.mp3	/static/images/song_covers/68.png	23
373	Promenade 880	00:02:05	/static/songs/5.mp3	/static/images/song_covers/69.png	72
374	Surrendered 931	00:02:05	/static/songs/5.mp3	/static/images/song_covers/70.png	3
375	Smokey-Mountains 255	00:02:05	/static/songs/5.mp3	/static/images/song_covers/71.png	58
376	In The City 109	00:02:05	/static/songs/5.mp3	/static/images/song_covers/72.png	71
377	glide 915	00:02:05	/static/songs/5.mp3	/static/images/song_covers/73.png	34
378	Dem-Wicked 974	00:02:05	/static/songs/5.mp3	/static/images/song_covers/74.png	92
379	Вечерняя песня 172	00:02:05	/static/songs/5.mp3	/static/images/song_covers/75.png	4
380	New-World-Order 431	00:02:05	/static/songs/5.mp3	/static/images/song_covers/76.png	32
381	Lullaby Sweet Dreams (Piano) 660	00:02:05	/static/songs/5.mp3	/static/images/song_covers/77.png	41
382	Busking In the SunLight 534	00:02:05	/static/songs/5.mp3	/static/images/song_covers/78.png	64
383	Stingy Jack 603	00:02:05	/static/songs/5.mp3	/static/images/song_covers/79.png	52
384	No-Wing 614	00:02:05	/static/songs/5.mp3	/static/images/song_covers/80.png	22
385	Loving the Loving 527	00:02:05	/static/songs/5.mp3	/static/images/song_covers/81.png	6
386	Döner Djinn 712	00:02:05	/static/songs/5.mp3	/static/images/song_covers/82.png	6
387	Hairy Hands! 783	00:02:05	/static/songs/5.mp3	/static/images/song_covers/83.png	11
388	Beam 530	00:02:05	/static/songs/5.mp3	/static/images/song_covers/84.png	99
389	Golden Teacher 44	00:02:05	/static/songs/5.mp3	/static/images/song_covers/85.png	74
390	Head-in-Clouds 584	00:02:05	/static/songs/5.mp3	/static/images/song_covers/86.png	1
391	In The City 323	00:02:05	/static/songs/5.mp3	/static/images/song_covers/87.png	19
392	Рюмка водки на столе 865	00:02:05	/static/songs/5.mp3	/static/images/song_covers/88.png	97
393	rainday 987	00:02:05	/static/songs/5.mp3	/static/images/song_covers/89.png	50
394	Monsters of the past 372	00:02:05	/static/songs/5.mp3	/static/images/song_covers/90.png	87
395	Support Bubble 752	00:02:05	/static/songs/5.mp3	/static/images/song_covers/91.png	83
396	Heart Method 506	00:02:05	/static/songs/5.mp3	/static/images/song_covers/92.png	89
397	Infinite Patience 610	00:02:05	/static/songs/5.mp3	/static/images/song_covers/93.png	66
398	Synthemania Riddim 320	00:02:05	/static/songs/5.mp3	/static/images/song_covers/94.png	51
399	Любовь и разлука 162	00:02:05	/static/songs/5.mp3	/static/images/song_covers/95.png	31
400	Спокойная ночь 622	00:02:05	/static/songs/5.mp3	/static/images/song_covers/96.png	94
401	Big-D 368	00:02:05	/static/songs/5.mp3	/static/images/song_covers/97.png	27
402	Augustine's Restless Heart 14	00:02:05	/static/songs/5.mp3	/static/images/song_covers/98.png	1
403	SeaFood 927	00:02:05	/static/songs/5.mp3	/static/images/song_covers/99.png	70
404	Christmas Bells 108	00:02:05	/static/songs/5.mp3	/static/images/song_covers/100.png	99
405	Told Me Early 698	00:02:05	/static/songs/5.mp3	/static/images/song_covers/0.png	100
406	This-Way-For-Joyous-Street 47	00:01:50	/static/songs/6.mp3	/static/images/song_covers/1.png	94
407	Motion-Forward 506	00:01:50	/static/songs/6.mp3	/static/images/song_covers/2.png	27
408	Virtual Love 577	00:01:50	/static/songs/6.mp3	/static/images/song_covers/3.png	40
409	Последний бой 762	00:01:50	/static/songs/6.mp3	/static/images/song_covers/4.png	45
410	This-Way-For-Joyous-Street 738	00:01:50	/static/songs/6.mp3	/static/images/song_covers/5.png	84
412	Within-Time 883	00:01:50	/static/songs/6.mp3	/static/images/song_covers/7.png	10
413	Depth of You 691	00:01:50	/static/songs/6.mp3	/static/images/song_covers/8.png	11
414	When-My-Eyes-Are-Closed 639	00:01:50	/static/songs/6.mp3	/static/images/song_covers/9.png	3
415	In Space 529	00:01:50	/static/songs/6.mp3	/static/images/song_covers/10.png	76
416	Не отрекаются, любя 569	00:01:50	/static/songs/6.mp3	/static/images/song_covers/11.png	59
417	South Shore Strut 776	00:01:50	/static/songs/6.mp3	/static/images/song_covers/12.png	2
418	SeaFood 580	00:01:50	/static/songs/6.mp3	/static/images/song_covers/13.png	9
419	kite flying 59	00:01:50	/static/songs/6.mp3	/static/images/song_covers/14.png	86
420	summer breeze 317	00:01:50	/static/songs/6.mp3	/static/images/song_covers/15.png	53
421	Nowhere To Be, Nothing To Do 466	00:01:50	/static/songs/6.mp3	/static/images/song_covers/16.png	66
422	Traveling with Corina - Long 863	00:01:50	/static/songs/6.mp3	/static/images/song_covers/17.png	78
423	Slides 928	00:01:50	/static/songs/6.mp3	/static/images/song_covers/18.png	67
424	Failed Rendez-Vous 678	00:01:50	/static/songs/6.mp3	/static/images/song_covers/19.png	14
425	Веселый ветер  818	00:01:50	/static/songs/6.mp3	/static/images/song_covers/20.png	90
426	Ой, мороз, мороз! 234	00:01:50	/static/songs/6.mp3	/static/images/song_covers/21.png	42
427	Rekindle 600	00:01:50	/static/songs/6.mp3	/static/images/song_covers/22.png	21
428	Souvenir 556	00:01:50	/static/songs/6.mp3	/static/images/song_covers/23.png	55
429	Earth-and-the-Moon 874	00:01:50	/static/songs/6.mp3	/static/images/song_covers/24.png	33
430	Heart Method 894	00:01:50	/static/songs/6.mp3	/static/images/song_covers/25.png	37
431	Soul-Love 639	00:01:50	/static/songs/6.mp3	/static/images/song_covers/26.png	54
432	Голубые города 705	00:01:50	/static/songs/6.mp3	/static/images/song_covers/27.png	17
433	Examples 636	00:01:50	/static/songs/6.mp3	/static/images/song_covers/28.png	100
434	Последний бой 824	00:01:50	/static/songs/6.mp3	/static/images/song_covers/29.png	54
435	Dreaming of Water 916	00:01:50	/static/songs/6.mp3	/static/images/song_covers/30.png	9
436	Jenny Greenteeth 196	00:01:50	/static/songs/6.mp3	/static/images/song_covers/31.png	99
437	Там за туманами 317	00:01:50	/static/songs/6.mp3	/static/images/song_covers/32.png	64
438	Bamboo Shoots and Ladders 423	00:01:50	/static/songs/6.mp3	/static/images/song_covers/33.png	6
439	Анастасия 138	00:01:50	/static/songs/6.mp3	/static/images/song_covers/34.png	2
440	Welcome to Your Westworld 522	00:01:50	/static/songs/6.mp3	/static/images/song_covers/35.png	25
441	Последний бой 179	00:01:50	/static/songs/6.mp3	/static/images/song_covers/36.png	94
442	Arising 179	00:01:50	/static/songs/6.mp3	/static/images/song_covers/37.png	33
443	Legends 869	00:01:50	/static/songs/6.mp3	/static/images/song_covers/38.png	17
444	ocean view 68	00:01:50	/static/songs/6.mp3	/static/images/song_covers/39.png	1
445	Legends 616	00:01:50	/static/songs/6.mp3	/static/images/song_covers/40.png	97
446	Ой ты, степь широкая  977	00:01:50	/static/songs/6.mp3	/static/images/song_covers/41.png	57
447	When-My-Eyes-Are-Closed 435	00:01:50	/static/songs/6.mp3	/static/images/song_covers/42.png	19
448	Не отрекаются, любя 234	00:01:50	/static/songs/6.mp3	/static/images/song_covers/43.png	38
449	Needless-to Say 911	00:01:50	/static/songs/6.mp3	/static/images/song_covers/44.png	58
450	New Launch 439	00:01:50	/static/songs/6.mp3	/static/images/song_covers/45.png	11
451	Midnight-Ambience 737	00:01:50	/static/songs/6.mp3	/static/images/song_covers/46.png	52
452	Life's Rhythms 6	00:01:50	/static/songs/6.mp3	/static/images/song_covers/47.png	73
453	Эти глаза напротив 181	00:01:50	/static/songs/6.mp3	/static/images/song_covers/48.png	42
454	Within-Time 431	00:01:50	/static/songs/6.mp3	/static/images/song_covers/49.png	69
455	Testing your limits 166	00:01:50	/static/songs/6.mp3	/static/images/song_covers/50.png	8
456	Sunnyside 52	00:01:50	/static/songs/6.mp3	/static/images/song_covers/51.png	21
457	Complete Me Sometimes 770	00:01:50	/static/songs/6.mp3	/static/images/song_covers/52.png	93
458	Watching the Stars 507	00:01:50	/static/songs/6.mp3	/static/images/song_covers/53.png	72
459	Дождь 604	00:01:50	/static/songs/6.mp3	/static/images/song_covers/54.png	5
460	Песня о тревожной молодости 646	00:01:50	/static/songs/6.mp3	/static/images/song_covers/55.png	60
461	Three Feet Of Snow 714	00:01:50	/static/songs/6.mp3	/static/images/song_covers/56.png	53
462	Farewell Eternity 247	00:01:50	/static/songs/6.mp3	/static/images/song_covers/57.png	64
463	Twirling Twins 226	00:01:50	/static/songs/6.mp3	/static/images/song_covers/58.png	95
464	In The City 780	00:01:50	/static/songs/6.mp3	/static/images/song_covers/59.png	67
465	New Holy Verse 238	00:01:50	/static/songs/6.mp3	/static/images/song_covers/60.png	85
466	Mist 480	00:01:50	/static/songs/6.mp3	/static/images/song_covers/61.png	29
467	Красное на черном 144	00:01:50	/static/songs/6.mp3	/static/images/song_covers/62.png	97
468	Песня о друге 709	00:01:50	/static/songs/6.mp3	/static/images/song_covers/63.png	53
469	Враги сожгли родную хату 64	00:01:50	/static/songs/6.mp3	/static/images/song_covers/64.png	77
470	Slice-of-Sun 20	00:01:50	/static/songs/6.mp3	/static/images/song_covers/65.png	26
471	CD Leroy Says No to Guns 675	00:01:50	/static/songs/6.mp3	/static/images/song_covers/66.png	35
472	Busted AC Unit 828	00:01:50	/static/songs/6.mp3	/static/images/song_covers/67.png	24
473	Fried 406	00:01:50	/static/songs/6.mp3	/static/images/song_covers/68.png	95
474	Therapy 552	00:01:50	/static/songs/6.mp3	/static/images/song_covers/69.png	88
475	Дорога без конца 506	00:01:50	/static/songs/6.mp3	/static/images/song_covers/70.png	64
476	Это всё 231	00:01:50	/static/songs/6.mp3	/static/images/song_covers/71.png	61
477	Smokey-Mountains 290	00:01:50	/static/songs/6.mp3	/static/images/song_covers/72.png	48
478	Glow-Flow 910	00:01:50	/static/songs/6.mp3	/static/images/song_covers/73.png	30
479	Proud 156	00:01:50	/static/songs/6.mp3	/static/images/song_covers/74.png	43
480	Люблю 619	00:01:50	/static/songs/6.mp3	/static/images/song_covers/75.png	72
481	Time For Poetry 229	00:01:50	/static/songs/6.mp3	/static/images/song_covers/76.png	52
482	The Greaser 511	00:01:50	/static/songs/6.mp3	/static/images/song_covers/77.png	99
483	End Credits 528	00:01:50	/static/songs/6.mp3	/static/images/song_covers/78.png	25
484	Spring 612	00:01:50	/static/songs/6.mp3	/static/images/song_covers/79.png	53
485	Oriental Waltz (Piano) 589	00:01:50	/static/songs/6.mp3	/static/images/song_covers/80.png	99
486	Risen 616	00:01:50	/static/songs/6.mp3	/static/images/song_covers/81.png	45
487	buskers 370	00:01:56	/static/songs/7.mp3	/static/images/song_covers/82.png	33
488	beach stroll 637	00:01:56	/static/songs/7.mp3	/static/images/song_covers/83.png	100
489	Get up and Go 570	00:01:56	/static/songs/7.mp3	/static/images/song_covers/84.png	49
490	Death Valley 682	00:01:56	/static/songs/7.mp3	/static/images/song_covers/85.png	50
491	As the Sunshine Returns 158	00:01:56	/static/songs/7.mp3	/static/images/song_covers/86.png	50
492	CD Leroy Says No to Guns 931	00:01:56	/static/songs/7.mp3	/static/images/song_covers/87.png	64
493	Стерх 117	00:01:56	/static/songs/7.mp3	/static/images/song_covers/88.png	39
494	A Yankees Southern Blues 262	00:01:56	/static/songs/7.mp3	/static/images/song_covers/89.png	86
495	Self-Sabotage 717	00:01:56	/static/songs/7.mp3	/static/images/song_covers/90.png	52
496	If-I-Left 857	00:01:56	/static/songs/7.mp3	/static/images/song_covers/91.png	15
497	Город, которого нет 890	00:01:56	/static/songs/7.mp3	/static/images/song_covers/92.png	43
498	Place on my Bonfire 106	00:01:56	/static/songs/7.mp3	/static/images/song_covers/93.png	73
499	Can-t-touch-me 883	00:01:56	/static/songs/7.mp3	/static/images/song_covers/94.png	97
500	Нежность 694	00:01:56	/static/songs/7.mp3	/static/images/song_covers/95.png	94
501	Protective Spirits 485	00:01:56	/static/songs/7.mp3	/static/images/song_covers/96.png	54
502	Therapy 292	00:01:56	/static/songs/7.mp3	/static/images/song_covers/97.png	79
503	Satellites 877	00:01:56	/static/songs/7.mp3	/static/images/song_covers/98.png	75
504	Я тебя никогда не забуду 552	00:01:56	/static/songs/7.mp3	/static/images/song_covers/99.png	56
505	a Chat by the fire 402	00:01:56	/static/songs/7.mp3	/static/images/song_covers/100.png	61
506	Дубинушка  700	00:01:56	/static/songs/7.mp3	/static/images/song_covers/0.png	35
507	Full Circles 258	00:01:56	/static/songs/7.mp3	/static/images/song_covers/1.png	48
508	Лесной олень 302	00:01:56	/static/songs/7.mp3	/static/images/song_covers/2.png	75
509	If You Waited 441	00:01:56	/static/songs/7.mp3	/static/images/song_covers/3.png	76
510	Lullaby for a Robot 261	00:01:56	/static/songs/7.mp3	/static/images/song_covers/4.png	85
511	Heart Method 980	00:01:56	/static/songs/7.mp3	/static/images/song_covers/5.png	51
512	In Between Moments (Motëm's Poser Mix) 3	00:01:56	/static/songs/7.mp3	/static/images/song_covers/6.png	6
514	Icar Fell 749	00:01:56	/static/songs/7.mp3	/static/images/song_covers/8.png	19
515	New Holy Verse 486	00:01:56	/static/songs/7.mp3	/static/images/song_covers/9.png	16
516	Allright in Lousiana 428	00:01:56	/static/songs/7.mp3	/static/images/song_covers/10.png	78
517	Blue-Moons 407	00:01:56	/static/songs/7.mp3	/static/images/song_covers/11.png	59
518	No-Wing 713	00:01:56	/static/songs/7.mp3	/static/images/song_covers/12.png	27
519	Город 529	00:01:56	/static/songs/7.mp3	/static/images/song_covers/13.png	35
520	Моё богатство 562	00:01:56	/static/songs/7.mp3	/static/images/song_covers/14.png	49
521	Blues about Mary Roose - Retromix 838	00:01:56	/static/songs/7.mp3	/static/images/song_covers/15.png	54
522	За туманом (А я еду, а я еду за туманом) 830	00:01:56	/static/songs/7.mp3	/static/images/song_covers/16.png	83
523	Slinky 420	00:01:56	/static/songs/7.mp3	/static/images/song_covers/17.png	7
524	Grave Yard Magic 874	00:01:56	/static/songs/7.mp3	/static/images/song_covers/18.png	83
525	Священная война 511	00:01:56	/static/songs/7.mp3	/static/images/song_covers/19.png	78
526	Derived 613	00:01:56	/static/songs/7.mp3	/static/images/song_covers/45.png	30
527	Дорога без конца 207	00:01:56	/static/songs/7.mp3	/static/images/song_covers/20.png	20
528	Can-t-touch-me 887	00:01:56	/static/songs/7.mp3	/static/images/song_covers/21.png	80
529	Crooked Townie 591	00:01:56	/static/songs/7.mp3	/static/images/song_covers/22.png	93
530	Pillows 779	00:01:56	/static/songs/7.mp3	/static/images/song_covers/23.png	29
531	The-Fayre 345	00:01:56	/static/songs/7.mp3	/static/images/song_covers/24.png	19
532	Busking In the SunLight 325	00:01:56	/static/songs/7.mp3	/static/images/song_covers/25.png	14
533	As the Sunshine Returns 146	00:01:56	/static/songs/7.mp3	/static/images/song_covers/26.png	83
534	Oriental Waltz (Piano) 854	00:01:56	/static/songs/7.mp3	/static/images/song_covers/27.png	47
535	Relative to Closest Home 278	00:01:56	/static/songs/7.mp3	/static/images/song_covers/28.png	23
536	Dr Dan Will See You Now 14	00:01:56	/static/songs/7.mp3	/static/images/song_covers/29.png	21
537	Playing-Catch 369	00:01:56	/static/songs/7.mp3	/static/images/song_covers/30.png	4
538	Slides 316	00:01:56	/static/songs/7.mp3	/static/images/song_covers/31.png	76
539	Falling-Fort 880	00:01:56	/static/songs/7.mp3	/static/images/song_covers/32.png	28
540	summer breeze 302	00:01:56	/static/songs/7.mp3	/static/images/song_covers/33.png	11
541	Dem-Wicked 265	00:01:56	/static/songs/7.mp3	/static/images/song_covers/34.png	76
542	Последний бой 93	00:01:56	/static/songs/7.mp3	/static/images/song_covers/35.png	31
543	Звезда по имени Солнце 649	00:01:56	/static/songs/7.mp3	/static/images/song_covers/36.png	91
544	Don't you dare to breathe 157	00:01:56	/static/songs/7.mp3	/static/images/song_covers/37.png	32
545	Что такое осень 22	00:01:56	/static/songs/7.mp3	/static/images/song_covers/38.png	22
546	As the Sunshine Returns 260	00:01:56	/static/songs/7.mp3	/static/images/song_covers/39.png	37
547	Before Too Long 328	00:01:56	/static/songs/7.mp3	/static/images/song_covers/40.png	59
548	Я тебя никогда не забуду 540	00:01:56	/static/songs/7.mp3	/static/images/song_covers/41.png	48
549	Within-Time 183	00:01:56	/static/songs/7.mp3	/static/images/song_covers/42.png	81
550	Japonaise 753	00:01:56	/static/songs/7.mp3	/static/images/song_covers/43.png	62
551	BornKing 421	00:01:56	/static/songs/7.mp3	/static/images/song_covers/44.png	39
552	Slow-Silent 246	00:01:56	/static/songs/7.mp3	/static/images/song_covers/45.png	100
553	The Gump 542	00:01:56	/static/songs/7.mp3	/static/images/song_covers/46.png	95
554	Infinite Patience 31	00:01:56	/static/songs/7.mp3	/static/images/song_covers/47.png	42
555	Милая моя (Всем нашим встречам разлуки, увы, суждены) 636	00:01:56	/static/songs/7.mp3	/static/images/song_covers/48.png	5
556	Three Feet Of Snow Part 2 118	00:01:56	/static/songs/7.mp3	/static/images/song_covers/49.png	67
557	Хочу перемен 80	00:01:56	/static/songs/7.mp3	/static/images/song_covers/50.png	38
558	Пачка сигарет 840	00:01:56	/static/songs/7.mp3	/static/images/song_covers/51.png	42
559	Trace-da-Funk-instrumental 947	00:01:56	/static/songs/7.mp3	/static/images/song_covers/52.png	58
560	Great Beginnings 243	00:01:56	/static/songs/7.mp3	/static/images/song_covers/53.png	93
561	Döner Djinn 753	00:01:56	/static/songs/7.mp3	/static/images/song_covers/54.png	35
562	BlueTrue 807	00:01:56	/static/songs/7.mp3	/static/images/song_covers/55.png	60
563	The Kid who played Alone 37	00:01:56	/static/songs/7.mp3	/static/images/song_covers/56.png	76
564	Sun-Breaks-The-Clouds 260	00:01:56	/static/songs/7.mp3	/static/images/song_covers/57.png	21
565	Последняя поэма 121	00:01:56	/static/songs/7.mp3	/static/images/song_covers/58.png	51
566	Traveling to Lousiana - Soft Delay 733	00:01:56	/static/songs/7.mp3	/static/images/song_covers/59.png	62
567	Busking In the SunLight 854	00:01:56	/static/songs/7.mp3	/static/images/song_covers/60.png	17
568	Empty Head 744	00:02:06	/static/songs/8.mp3	/static/images/song_covers/61.png	31
569	Head-in-Clouds 102	00:02:06	/static/songs/8.mp3	/static/images/song_covers/62.png	17
570	A Dream that Came True 551	00:02:06	/static/songs/8.mp3	/static/images/song_covers/63.png	89
571	BlueTrue 397	00:02:06	/static/songs/8.mp3	/static/images/song_covers/64.png	71
572	Shadow-Man 943	00:02:06	/static/songs/8.mp3	/static/images/song_covers/65.png	17
573	Гляжу в озёра синие 960	00:02:06	/static/songs/8.mp3	/static/images/song_covers/66.png	66
574	Трасса Е- 881	00:02:06	/static/songs/8.mp3	/static/images/song_covers/67.png	72
575	If You Waited 149	00:02:06	/static/songs/8.mp3	/static/images/song_covers/68.png	55
576	Brain 420	00:02:06	/static/songs/8.mp3	/static/images/song_covers/69.png	10
577	Happy  Dance 304	00:02:06	/static/songs/8.mp3	/static/images/song_covers/70.png	71
578	broken-origami 326	00:02:06	/static/songs/8.mp3	/static/images/song_covers/71.png	38
579	GODANDRAM 540	00:02:06	/static/songs/8.mp3	/static/images/song_covers/72.png	48
580	Just-Because 860	00:02:06	/static/songs/8.mp3	/static/images/song_covers/73.png	26
581	Self Destruction 475	00:02:06	/static/songs/8.mp3	/static/images/song_covers/74.png	63
582	If-I-Could-Remember 352	00:02:06	/static/songs/8.mp3	/static/images/song_covers/75.png	42
583	AB CD 495	00:02:06	/static/songs/8.mp3	/static/images/song_covers/76.png	40
584	Ой, мороз, мороз! 790	00:02:06	/static/songs/8.mp3	/static/images/song_covers/77.png	29
585	Jenny Greenteeth 954	00:02:06	/static/songs/8.mp3	/static/images/song_covers/78.png	97
586	Three Feet Of Snow Part 2 606	00:02:06	/static/songs/8.mp3	/static/images/song_covers/79.png	11
587	This-Way-For-Joyous-Street 771	00:02:06	/static/songs/8.mp3	/static/images/song_covers/80.png	41
588	Strategy 213	00:02:06	/static/songs/8.mp3	/static/images/song_covers/81.png	91
589	In Between Moments (Motëm's Poser Mix) 969	00:02:06	/static/songs/8.mp3	/static/images/song_covers/82.png	15
590	Место для шага вперед 943	00:02:06	/static/songs/8.mp3	/static/images/song_covers/83.png	59
591	No-Wing 265	00:02:06	/static/songs/8.mp3	/static/images/song_covers/84.png	88
592	Harmless Vices 360	00:02:06	/static/songs/8.mp3	/static/images/song_covers/85.png	50
593	Милая моя (Всем нашим встречам разлуки, увы, суждены) 283	00:02:06	/static/songs/8.mp3	/static/images/song_covers/86.png	1
594	Unify 180	00:02:06	/static/songs/8.mp3	/static/images/song_covers/87.png	97
595	Cress Riddim 158	00:02:06	/static/songs/8.mp3	/static/images/song_covers/88.png	33
596	The Kid who played Alone 446	00:02:06	/static/songs/8.mp3	/static/images/song_covers/89.png	7
597	Farewell Eternity 708	00:02:06	/static/songs/8.mp3	/static/images/song_covers/90.png	83
598	Needless-to Say 994	00:02:06	/static/songs/8.mp3	/static/images/song_covers/91.png	52
599	Fireflies 303	00:02:06	/static/songs/8.mp3	/static/images/song_covers/92.png	3
600	Серёжка ольховая 742	00:02:06	/static/songs/8.mp3	/static/images/song_covers/93.png	29
601	Promenade 597	00:02:06	/static/songs/8.mp3	/static/images/song_covers/94.png	64
602	Loving the Loving 923	00:02:06	/static/songs/8.mp3	/static/images/song_covers/95.png	13
603	Get Down 337	00:02:06	/static/songs/8.mp3	/static/images/song_covers/96.png	72
604	Motion-Forward 343	00:02:06	/static/songs/8.mp3	/static/images/song_covers/97.png	10
605	Synchronised 834	00:02:06	/static/songs/8.mp3	/static/images/song_covers/98.png	27
606	If You Waited 577	00:02:06	/static/songs/8.mp3	/static/images/song_covers/99.png	75
607	Battleground 365	00:02:06	/static/songs/8.mp3	/static/images/song_covers/100.png	30
608	OverBlow 394	00:02:06	/static/songs/8.mp3	/static/images/song_covers/0.png	52
609	Hot Sand 333	00:02:06	/static/songs/8.mp3	/static/images/song_covers/1.png	65
610	On a Tokyo Train 846	00:02:06	/static/songs/8.mp3	/static/images/song_covers/2.png	77
611	BornKing 242	00:02:06	/static/songs/8.mp3	/static/images/song_covers/3.png	99
612	Death Valley 382	00:02:06	/static/songs/8.mp3	/static/images/song_covers/4.png	24
613	Позови меня тихо по имени 235	00:02:06	/static/songs/8.mp3	/static/images/song_covers/5.png	82
614	За туманом (А я еду, а я еду за туманом) 766	00:02:06	/static/songs/8.mp3	/static/images/song_covers/6.png	52
615	paddleboat race 754	00:02:06	/static/songs/8.mp3	/static/images/song_covers/7.png	31
617	Bless-Ups 127	00:02:06	/static/songs/8.mp3	/static/images/song_covers/9.png	16
618	You got my Horses 678	00:02:06	/static/songs/8.mp3	/static/images/song_covers/10.png	16
619	Красное на черном 903	00:02:06	/static/songs/8.mp3	/static/images/song_covers/11.png	45
620	Не стреляй! 775	00:02:06	/static/songs/8.mp3	/static/images/song_covers/12.png	97
621	Traveling to Lousiana - Soft Delay 573	00:02:06	/static/songs/8.mp3	/static/images/song_covers/13.png	34
622	Cellularr 665	00:02:06	/static/songs/8.mp3	/static/images/song_covers/14.png	9
623	Döner Djinn 899	00:02:06	/static/songs/8.mp3	/static/images/song_covers/15.png	28
624	I Won't Let You Down 671	00:02:06	/static/songs/8.mp3	/static/images/song_covers/16.png	79
625	Bursting 139	00:02:06	/static/songs/8.mp3	/static/images/song_covers/17.png	76
626	Abiogenesis Musical Poem 851	00:02:06	/static/songs/8.mp3	/static/images/song_covers/18.png	32
627	Soul-Work 297	00:02:06	/static/songs/8.mp3	/static/images/song_covers/19.png	31
628	Smokey-Mountains 138	00:02:06	/static/songs/8.mp3	/static/images/song_covers/20.png	97
629	Protective Spirits 597	00:02:06	/static/songs/8.mp3	/static/images/song_covers/21.png	43
630	A New Fate 599	00:02:06	/static/songs/8.mp3	/static/images/song_covers/22.png	31
631	Slice-of-Sun 339	00:02:06	/static/songs/8.mp3	/static/images/song_covers/23.png	4
632	Cloud-Dream 514	00:02:06	/static/songs/8.mp3	/static/images/song_covers/24.png	35
633	Post-morphose 924	00:02:06	/static/songs/8.mp3	/static/images/song_covers/25.png	16
634	Cress Riddim 10	00:02:06	/static/songs/8.mp3	/static/images/song_covers/26.png	5
635	Smokey-Mountains 896	00:02:06	/static/songs/8.mp3	/static/images/song_covers/27.png	100
636	Летний вечер 93	00:02:06	/static/songs/8.mp3	/static/images/song_covers/28.png	69
637	Enough 600	00:02:06	/static/songs/8.mp3	/static/images/song_covers/29.png	15
638	Risco Verde 133	00:02:06	/static/songs/8.mp3	/static/images/song_covers/30.png	63
639	Complete Me Sometimes 132	00:02:06	/static/songs/8.mp3	/static/images/song_covers/31.png	26
640	Клён 630	00:02:06	/static/songs/8.mp3	/static/images/song_covers/32.png	91
641	Uptown 282	00:02:06	/static/songs/8.mp3	/static/images/song_covers/33.png	59
642	Döner Djinn 921	00:02:06	/static/songs/8.mp3	/static/images/song_covers/34.png	76
643	Врагу не сдаётся наш гордый «Варяг» 731	00:02:06	/static/songs/8.mp3	/static/images/song_covers/35.png	99
644	Cloud Cover 370	00:02:06	/static/songs/8.mp3	/static/images/song_covers/36.png	55
645	The Greaser 629	00:02:06	/static/songs/8.mp3	/static/images/song_covers/37.png	43
646	Chromatismus 899	00:02:06	/static/songs/8.mp3	/static/images/song_covers/38.png	46
647	Depth of You 592	00:02:06	/static/songs/8.mp3	/static/images/song_covers/39.png	10
648	Восточная песня 903	00:02:06	/static/songs/8.mp3	/static/images/song_covers/40.png	79
649	buskers 981	00:01:53	/static/songs/9.mp3	/static/images/song_covers/41.png	6
650	Bed2 669	00:01:53	/static/songs/9.mp3	/static/images/song_covers/42.png	20
651	Great Beginnings 801	00:01:53	/static/songs/9.mp3	/static/images/song_covers/43.png	33
652	Love-Heart 504	00:01:53	/static/songs/9.mp3	/static/images/song_covers/44.png	33
653	Aced-It 410	00:01:53	/static/songs/9.mp3	/static/images/song_covers/45.png	93
654	Run with a power of a thousand soldiers 77	00:01:53	/static/songs/9.mp3	/static/images/song_covers/46.png	20
655	Fried 109	00:01:53	/static/songs/9.mp3	/static/images/song_covers/47.png	88
656	Speedy Delta 502	00:01:53	/static/songs/9.mp3	/static/images/song_covers/48.png	44
657	Bursting 287	00:01:53	/static/songs/9.mp3	/static/images/song_covers/49.png	9
658	Что такое осень 363	00:01:53	/static/songs/9.mp3	/static/images/song_covers/50.png	11
659	Bursting 980	00:01:53	/static/songs/9.mp3	/static/images/song_covers/51.png	36
660	New Delta Mission 532	00:01:53	/static/songs/9.mp3	/static/images/song_covers/52.png	96
661	Lullaby Sweet Dreams (Piano) 552	00:01:53	/static/songs/9.mp3	/static/images/song_covers/53.png	66
662	Hold the Ace 788	00:01:53	/static/songs/9.mp3	/static/images/song_covers/54.png	41
663	Before Too Long 28	00:01:53	/static/songs/9.mp3	/static/images/song_covers/55.png	73
664	Rain-Soaked Window 435	00:01:53	/static/songs/9.mp3	/static/images/song_covers/56.png	43
665	Я тебя никогда не забуду 484	00:01:53	/static/songs/9.mp3	/static/images/song_covers/57.png	24
666	The Gump 176	00:01:53	/static/songs/9.mp3	/static/images/song_covers/58.png	48
667	Bed5 716	00:01:53	/static/songs/9.mp3	/static/images/song_covers/59.png	40
668	Synchronised 560	00:01:53	/static/songs/9.mp3	/static/images/song_covers/60.png	37
669	Slides 663	00:01:53	/static/songs/9.mp3	/static/images/song_covers/61.png	54
670	Traveling with Corina - Long 745	00:01:53	/static/songs/9.mp3	/static/images/song_covers/62.png	5
671	За туманом (А я еду, а я еду за туманом) 293	00:01:53	/static/songs/9.mp3	/static/images/song_covers/63.png	95
672	Не стреляй! 81	00:01:53	/static/songs/9.mp3	/static/images/song_covers/64.png	38
673	Что такое осень 788	00:01:53	/static/songs/9.mp3	/static/images/song_covers/65.png	93
674	Dr Dan Will See You Now 448	00:01:53	/static/songs/9.mp3	/static/images/song_covers/66.png	38
675	The Giant of Trendle Hill 581	00:01:53	/static/songs/9.mp3	/static/images/song_covers/67.png	30
676	She-Calls 681	00:01:53	/static/songs/9.mp3	/static/images/song_covers/68.png	62
677	Walk the Walk 470	00:01:53	/static/songs/9.mp3	/static/images/song_covers/69.png	35
678	Walpurgis Night 108	00:01:53	/static/songs/9.mp3	/static/images/song_covers/70.png	91
679	Loving the Loving 84	00:01:53	/static/songs/9.mp3	/static/images/song_covers/71.png	53
680	Ой ты, степь широкая  621	00:01:53	/static/songs/9.mp3	/static/images/song_covers/72.png	38
681	Вечный огонь (От героев былых времён) 170	00:01:53	/static/songs/9.mp3	/static/images/song_covers/73.png	84
682	Post-morphose 690	00:01:53	/static/songs/9.mp3	/static/images/song_covers/74.png	4
683	summer breeze 92	00:01:53	/static/songs/9.mp3	/static/images/song_covers/75.png	64
684	Occam's Sikhweee 23	00:01:53	/static/songs/9.mp3	/static/images/song_covers/76.png	12
685	rainday 690	00:01:53	/static/songs/9.mp3	/static/images/song_covers/77.png	33
686	Дыхание 395	00:01:53	/static/songs/9.mp3	/static/images/song_covers/78.png	17
687	Tuffa Scout 805	00:01:53	/static/songs/9.mp3	/static/images/song_covers/79.png	88
688	Busted AC Unit 885	00:01:53	/static/songs/9.mp3	/static/images/song_covers/80.png	10
689	Airflow 286	00:01:53	/static/songs/9.mp3	/static/images/song_covers/81.png	68
690	Restless 28	00:01:53	/static/songs/9.mp3	/static/images/song_covers/82.png	3
691	Там за туманами 316	00:01:53	/static/songs/9.mp3	/static/images/song_covers/83.png	80
692	Can-t-touch-me 313	00:01:53	/static/songs/9.mp3	/static/images/song_covers/84.png	70
693	A Dream that Came True 898	00:01:53	/static/songs/9.mp3	/static/images/song_covers/85.png	81
694	Allright in Lousiana 144	00:01:53	/static/songs/9.mp3	/static/images/song_covers/86.png	7
695	Ольга 482	00:01:53	/static/songs/9.mp3	/static/images/song_covers/87.png	55
696	If-I-Could-Remember 714	00:01:53	/static/songs/9.mp3	/static/images/song_covers/88.png	41
697	Get up and Go 602	00:01:53	/static/songs/9.mp3	/static/images/song_covers/89.png	67
698	La-Rona 946	00:01:53	/static/songs/9.mp3	/static/images/song_covers/90.png	74
699	Promenade 142	00:01:53	/static/songs/9.mp3	/static/images/song_covers/91.png	50
700	Watching the Stars 349	00:01:53	/static/songs/9.mp3	/static/images/song_covers/92.png	63
701	Последний бой 854	00:01:53	/static/songs/9.mp3	/static/images/song_covers/93.png	90
702	Sun-Breaks-The-Clouds 666	00:01:53	/static/songs/9.mp3	/static/images/song_covers/94.png	43
703	All Night Long - Guitarversion 972	00:01:53	/static/songs/9.mp3	/static/images/song_covers/95.png	38
704	Moonshine 782	00:01:53	/static/songs/9.mp3	/static/images/song_covers/96.png	61
705	Soul-Love 451	00:01:53	/static/songs/9.mp3	/static/images/song_covers/97.png	60
706	Священная война 88	00:01:53	/static/songs/9.mp3	/static/images/song_covers/98.png	80
707	Slides 623	00:01:53	/static/songs/9.mp3	/static/images/song_covers/99.png	99
708	Blue-Moons 577	00:01:53	/static/songs/9.mp3	/static/images/song_covers/100.png	45
709	Risco Verde 600	00:01:53	/static/songs/9.mp3	/static/images/song_covers/0.png	37
710	Not For You 438	00:01:53	/static/songs/9.mp3	/static/images/song_covers/1.png	35
711	Священная война 665	00:01:53	/static/songs/9.mp3	/static/images/song_covers/2.png	99
712	Охота на волков 555	00:01:53	/static/songs/9.mp3	/static/images/song_covers/3.png	76
713	Mist 777	00:01:53	/static/songs/9.mp3	/static/images/song_covers/4.png	68
714	Анастасия 51	00:01:53	/static/songs/9.mp3	/static/images/song_covers/5.png	84
715	Hold the Ace 537	00:01:53	/static/songs/9.mp3	/static/images/song_covers/6.png	2
716	Can-t-touch-me 437	00:01:53	/static/songs/9.mp3	/static/images/song_covers/7.png	71
717	Bamboo Shoots and Ladders 701	00:01:53	/static/songs/9.mp3	/static/images/song_covers/8.png	32
719	Как молоды мы были 324	00:01:53	/static/songs/9.mp3	/static/images/song_covers/10.png	70
720	Running Eiskrokodil 667	00:01:53	/static/songs/9.mp3	/static/images/song_covers/11.png	76
721	Dark Texture 964	00:01:53	/static/songs/9.mp3	/static/images/song_covers/12.png	15
722	How-Ya-Mean 204	00:01:53	/static/songs/9.mp3	/static/images/song_covers/13.png	15
723	Depression 630	00:01:53	/static/songs/9.mp3	/static/images/song_covers/14.png	70
724	Juice 205	00:01:53	/static/songs/9.mp3	/static/images/song_covers/15.png	31
725	Shadow-Man 441	00:01:53	/static/songs/9.mp3	/static/images/song_covers/16.png	55
726	Chromatismus 818	00:01:53	/static/songs/9.mp3	/static/images/song_covers/17.png	36
727	Дубинушка  663	00:01:53	/static/songs/9.mp3	/static/images/song_covers/18.png	91
728	Jenny Greenteeth 635	00:01:53	/static/songs/9.mp3	/static/images/song_covers/19.png	49
729	Голубые города 379	00:01:53	/static/songs/9.mp3	/static/images/song_covers/20.png	99
\.


--
-- TOC entry 3450 (class 0 OID 16412)
-- Dependencies: 215
-- Data for Name: tags; Type: TABLE DATA; Schema: public; Owner: smp_user
--

COPY public.tags (id, name) FROM stdin;
1	rock
2	metal
3	pop
4	indie
5	hip-hop
6	jazz
7	blues
\.


--
-- TOC entry 3461 (class 0 OID 16513)
-- Dependencies: 226
-- Data for Name: user_album; Type: TABLE DATA; Schema: public; Owner: smp_user
--

COPY public.user_album (user_id, album_id) FROM stdin;
1	30
1	16
1	51
1	31
1	19
1	89
1	83
1	11
1	29
1	25
1	96
1	38
1	58
1	4
1	86
1	12
1	64
1	3
1	78
1	92
2	93
2	86
2	39
2	58
2	80
2	97
2	79
3	19
3	85
3	3
3	89
3	86
3	17
3	28
3	47
3	90
3	46
3	32
3	92
3	18
3	6
3	60
4	30
4	28
4	72
4	21
4	36
4	55
4	65
4	16
4	35
4	90
4	7
4	22
4	66
5	7
5	16
5	2
5	39
5	78
5	97
5	36
5	27
5	91
6	36
6	95
6	2
6	84
6	15
6	77
6	80
6	40
7	54
7	6
7	87
7	95
7	56
7	18
7	80
7	64
7	65
7	31
7	96
7	99
7	55
7	69
7	76
7	72
7	16
7	78
7	53
8	49
8	18
8	97
8	71
8	6
8	36
9	74
9	33
9	78
9	64
9	56
10	53
10	95
11	32
11	89
11	28
11	23
11	67
11	96
11	39
11	21
11	49
11	90
11	57
11	58
11	26
11	40
11	8
11	54
11	66
11	17
11	72
12	8
12	45
12	98
12	62
12	86
12	89
12	12
12	92
12	53
12	20
12	21
12	39
12	13
12	58
12	5
12	35
12	78
12	3
12	34
12	40
13	49
13	44
13	66
13	71
13	11
13	37
14	38
14	95
14	78
14	74
14	9
14	31
14	7
14	35
14	27
14	1
14	6
14	85
14	59
14	52
14	24
14	51
15	83
15	50
15	81
15	23
15	24
15	6
15	98
15	43
15	29
15	33
15	21
15	47
15	84
16	9
16	92
16	17
16	10
16	61
16	48
16	63
16	12
16	23
16	78
17	79
17	64
17	39
17	73
17	70
17	95
17	63
17	1
17	97
17	86
17	85
17	12
17	87
18	30
18	56
18	18
18	3
18	66
18	46
18	87
18	34
18	64
18	82
18	63
18	39
18	77
18	50
19	78
19	73
19	42
19	23
19	1
19	65
19	88
19	46
19	57
19	50
19	33
19	89
19	97
19	25
19	39
19	7
19	70
19	54
20	80
20	58
20	12
20	75
20	4
20	19
20	55
20	21
20	93
20	61
21	22
21	69
21	10
21	38
21	96
21	52
21	75
21	87
21	76
21	82
21	85
21	99
21	41
22	88
22	28
22	72
22	59
22	16
23	27
23	67
23	79
23	97
23	13
23	11
23	45
23	91
23	30
23	41
23	2
23	62
23	74
23	18
23	86
23	36
23	92
23	39
24	54
24	29
24	48
24	45
24	3
24	74
24	38
24	32
24	4
24	87
24	72
24	95
24	62
24	36
25	98
25	52
26	43
26	90
26	4
27	61
27	10
27	62
27	37
27	65
27	24
27	67
27	4
27	74
27	1
27	5
27	80
27	85
27	23
27	25
27	48
27	94
28	54
28	28
29	55
29	39
29	15
29	52
29	12
29	38
29	70
29	18
29	57
29	87
29	95
29	63
29	37
29	34
30	73
30	16
30	22
30	30
30	77
30	45
30	27
30	23
30	32
30	88
30	48
30	39
30	50
31	87
31	22
31	94
31	40
31	44
31	27
31	15
31	38
31	68
31	10
32	60
32	83
32	22
32	30
33	36
33	46
33	2
34	37
34	94
34	73
35	33
35	81
35	85
35	19
35	32
35	44
35	6
35	72
35	73
35	92
35	29
35	70
35	55
35	30
35	51
35	86
35	28
35	98
35	91
35	8
36	14
37	49
37	46
37	79
37	27
37	88
37	93
37	4
37	65
37	69
37	71
37	94
37	20
37	59
37	86
37	28
37	50
37	38
37	41
38	5
38	56
38	2
38	28
38	8
38	47
39	81
39	88
39	99
39	98
39	33
39	47
39	55
39	60
39	97
39	29
39	10
39	62
39	59
39	7
39	71
39	56
39	75
40	31
41	71
41	72
41	97
41	30
41	1
41	52
41	10
41	8
41	40
41	55
42	50
42	3
42	62
42	49
42	23
42	61
42	39
42	43
42	65
42	69
42	96
42	93
42	7
43	22
43	88
43	24
44	87
44	46
44	16
44	2
44	15
44	30
44	71
44	72
44	59
44	88
44	69
44	47
44	53
45	63
45	6
45	87
45	56
45	14
45	22
45	98
45	34
45	88
45	91
45	2
46	97
46	8
46	83
47	74
47	65
47	53
47	26
47	60
47	3
47	37
48	66
48	26
48	67
48	79
48	43
48	21
48	74
48	29
48	54
49	16
49	52
49	65
49	23
49	37
49	1
49	34
49	64
49	12
49	85
49	9
49	49
49	60
49	86
49	2
49	40
49	67
50	4
50	22
50	17
50	28
50	31
51	98
51	40
51	5
51	82
51	56
51	21
51	60
51	87
51	79
51	10
51	55
52	35
52	27
52	95
52	37
52	79
52	61
52	90
52	33
52	77
52	81
52	6
52	10
52	8
52	46
53	34
53	33
53	94
53	71
53	86
53	47
53	80
53	79
53	29
53	90
54	47
54	52
54	85
54	42
54	32
54	35
54	74
54	93
54	80
54	49
54	37
54	36
54	87
54	33
54	30
54	10
55	18
55	22
55	54
55	37
55	83
55	89
55	50
55	46
55	32
56	96
56	68
56	33
56	79
56	62
56	47
56	82
56	38
56	19
56	80
56	40
56	4
56	18
56	66
56	73
56	7
56	25
56	12
56	58
56	46
57	54
57	35
57	43
57	14
57	85
57	81
57	1
57	30
57	28
57	9
57	55
57	98
57	8
57	79
57	13
58	47
58	98
58	97
58	33
58	81
58	35
58	38
58	26
58	43
58	46
58	12
58	18
58	2
58	55
58	63
59	46
59	93
59	89
59	80
59	11
59	77
59	50
59	86
59	67
59	22
59	59
59	64
59	81
59	28
59	35
59	71
60	4
60	75
60	11
60	68
60	74
60	18
60	98
60	19
60	48
60	86
60	52
60	91
60	34
60	54
60	16
60	72
60	84
60	2
60	31
61	98
61	97
61	79
61	72
61	16
61	74
61	99
61	77
61	27
61	94
61	29
61	32
61	83
61	43
61	36
61	49
62	50
63	21
63	44
63	24
63	16
63	29
63	63
63	49
63	69
63	93
63	4
63	85
63	43
63	10
63	15
63	41
63	1
63	3
63	19
64	47
64	83
64	32
64	98
64	20
64	23
64	45
64	12
64	88
64	64
64	59
65	1
65	84
65	45
65	96
65	2
65	34
65	93
65	66
65	58
65	8
65	75
65	65
65	52
65	61
65	37
65	87
65	95
65	18
65	77
65	30
66	21
66	96
66	71
66	98
66	4
66	70
66	53
66	18
66	43
66	72
66	65
66	36
66	13
66	89
66	5
66	41
66	32
66	55
67	58
67	93
67	91
67	16
68	37
68	20
68	88
68	47
68	43
68	50
68	55
68	59
69	53
69	49
69	32
69	36
69	1
69	51
69	19
70	45
70	76
70	46
70	48
70	13
70	67
70	21
70	4
70	24
70	2
70	35
70	26
71	39
71	56
71	43
71	66
71	29
71	10
71	72
71	16
71	64
71	59
71	7
71	8
71	34
71	45
71	9
72	44
72	10
72	12
72	35
72	60
72	79
72	20
72	21
72	26
72	90
72	9
72	80
72	56
72	94
72	19
72	23
72	57
72	70
72	91
72	75
73	17
73	93
73	80
74	48
74	86
74	60
75	8
75	84
75	9
75	89
75	51
75	23
75	37
75	12
75	63
75	73
76	75
76	53
76	60
76	57
76	97
76	85
76	80
76	4
76	5
76	69
76	86
77	81
77	5
77	51
77	99
78	30
78	34
78	94
78	85
78	53
78	33
78	25
78	76
79	60
79	69
79	30
79	54
79	47
79	49
79	38
79	89
79	88
79	37
79	17
79	63
79	4
79	59
79	39
79	91
79	28
79	9
80	85
80	96
80	68
80	45
80	80
80	2
80	48
80	46
80	15
80	11
80	56
80	66
81	91
82	7
82	80
82	93
82	25
82	96
82	31
82	58
82	83
82	71
82	66
82	44
83	9
83	65
83	92
84	46
84	56
84	17
84	4
84	97
85	33
85	77
85	76
85	75
85	21
85	74
85	31
85	60
85	45
85	4
85	54
85	82
86	64
86	43
86	94
86	67
86	87
86	15
86	83
86	88
86	17
86	80
86	6
86	59
86	68
86	18
87	37
87	11
87	54
87	44
87	5
87	12
87	30
87	19
87	89
87	63
87	92
87	68
87	15
87	82
88	96
88	10
88	74
88	20
88	97
88	52
88	77
88	31
88	68
88	58
88	82
88	56
88	43
88	55
88	42
88	33
89	68
89	2
89	31
89	26
89	38
89	40
89	9
89	45
89	98
89	81
89	10
89	97
89	32
89	91
89	15
89	65
89	13
89	23
89	33
89	55
90	19
90	82
90	66
90	54
90	21
90	97
90	79
90	96
90	45
90	42
90	14
90	90
90	76
90	16
90	8
90	51
90	36
90	40
90	25
91	46
91	75
91	20
91	62
91	6
91	37
91	91
91	45
91	72
91	95
91	9
91	89
91	80
91	61
91	7
91	56
92	44
92	18
92	68
92	57
92	1
92	84
92	47
92	58
92	71
92	28
93	93
93	24
93	57
93	72
93	58
93	82
93	76
93	98
93	3
93	90
93	2
94	87
95	20
95	43
95	88
95	16
95	85
95	54
95	84
95	75
95	81
95	70
95	64
95	19
95	97
95	25
95	95
95	4
95	41
95	12
95	32
95	59
96	34
96	44
96	56
96	99
96	60
96	47
96	81
96	16
96	25
96	59
96	19
96	15
96	35
96	26
96	37
96	18
97	68
97	91
97	69
97	40
97	70
97	61
97	93
97	94
97	57
97	67
97	87
97	46
97	95
97	47
98	75
98	34
98	65
98	96
98	9
98	42
98	48
98	91
98	18
98	37
98	50
98	20
99	97
99	1
99	30
99	61
99	70
99	17
99	66
99	13
99	39
99	48
99	51
99	35
99	45
99	69
99	10
99	77
\.


--
-- TOC entry 3462 (class 0 OID 16530)
-- Dependencies: 227
-- Data for Name: user_artist; Type: TABLE DATA; Schema: public; Owner: smp_user
--

COPY public.user_artist (user_id, artist_id) FROM stdin;
\.


--
-- TOC entry 3465 (class 0 OID 16581)
-- Dependencies: 230
-- Data for Name: user_song; Type: TABLE DATA; Schema: public; Owner: smp_user
--

COPY public.user_song (user_id, song_id) FROM stdin;
\.


--
-- TOC entry 3452 (class 0 OID 16422)
-- Dependencies: 217
-- Data for Name: users; Type: TABLE DATA; Schema: public; Owner: smp_user
--

COPY public.users (id, username, name, surname, about, email, password_hash, disabled, image_url, refresh_token) FROM stdin;
1	user1	\N	\N	\N	\N	pass1	f	/static/images/user_avatars/default.png	\N
2	user2	\N	\N	\N	\N	pass2	f	/static/images/user_avatars/default.png	\N
3	user3	\N	\N	\N	\N	pass3	f	/static/images/user_avatars/default.png	\N
4	user4	\N	\N	\N	\N	pass4	f	/static/images/user_avatars/default.png	\N
5	user5	\N	\N	\N	\N	pass5	f	/static/images/user_avatars/default.png	\N
6	user6	\N	\N	\N	\N	pass6	f	/static/images/user_avatars/default.png	\N
7	user7	\N	\N	\N	\N	pass7	f	/static/images/user_avatars/default.png	\N
8	user8	\N	\N	\N	\N	pass8	f	/static/images/user_avatars/default.png	\N
9	user9	\N	\N	\N	\N	pass9	f	/static/images/user_avatars/default.png	\N
10	user10	\N	\N	\N	\N	pass10	f	/static/images/user_avatars/default.png	\N
11	user11	\N	\N	\N	\N	pass11	f	/static/images/user_avatars/default.png	\N
12	user12	\N	\N	\N	\N	pass12	f	/static/images/user_avatars/default.png	\N
13	user13	\N	\N	\N	\N	pass13	f	/static/images/user_avatars/default.png	\N
14	user14	\N	\N	\N	\N	pass14	f	/static/images/user_avatars/default.png	\N
15	user15	\N	\N	\N	\N	pass15	f	/static/images/user_avatars/default.png	\N
16	user16	\N	\N	\N	\N	pass16	f	/static/images/user_avatars/default.png	\N
17	user17	\N	\N	\N	\N	pass17	f	/static/images/user_avatars/default.png	\N
18	user18	\N	\N	\N	\N	pass18	f	/static/images/user_avatars/default.png	\N
19	user19	\N	\N	\N	\N	pass19	f	/static/images/user_avatars/default.png	\N
20	user20	\N	\N	\N	\N	pass20	f	/static/images/user_avatars/default.png	\N
21	user21	\N	\N	\N	\N	pass21	f	/static/images/user_avatars/default.png	\N
22	user22	\N	\N	\N	\N	pass22	f	/static/images/user_avatars/default.png	\N
23	user23	\N	\N	\N	\N	pass23	f	/static/images/user_avatars/default.png	\N
24	user24	\N	\N	\N	\N	pass24	f	/static/images/user_avatars/default.png	\N
25	user25	\N	\N	\N	\N	pass25	f	/static/images/user_avatars/default.png	\N
26	user26	\N	\N	\N	\N	pass26	f	/static/images/user_avatars/default.png	\N
27	user27	\N	\N	\N	\N	pass27	f	/static/images/user_avatars/default.png	\N
28	user28	\N	\N	\N	\N	pass28	f	/static/images/user_avatars/default.png	\N
29	user29	\N	\N	\N	\N	pass29	f	/static/images/user_avatars/default.png	\N
30	user30	\N	\N	\N	\N	pass30	f	/static/images/user_avatars/default.png	\N
31	user31	\N	\N	\N	\N	pass31	f	/static/images/user_avatars/default.png	\N
32	user32	\N	\N	\N	\N	pass32	f	/static/images/user_avatars/default.png	\N
33	user33	\N	\N	\N	\N	pass33	f	/static/images/user_avatars/default.png	\N
34	user34	\N	\N	\N	\N	pass34	f	/static/images/user_avatars/default.png	\N
35	user35	\N	\N	\N	\N	pass35	f	/static/images/user_avatars/default.png	\N
36	user36	\N	\N	\N	\N	pass36	f	/static/images/user_avatars/default.png	\N
37	user37	\N	\N	\N	\N	pass37	f	/static/images/user_avatars/default.png	\N
38	user38	\N	\N	\N	\N	pass38	f	/static/images/user_avatars/default.png	\N
39	user39	\N	\N	\N	\N	pass39	f	/static/images/user_avatars/default.png	\N
40	user40	\N	\N	\N	\N	pass40	f	/static/images/user_avatars/default.png	\N
41	user41	\N	\N	\N	\N	pass41	f	/static/images/user_avatars/default.png	\N
42	user42	\N	\N	\N	\N	pass42	f	/static/images/user_avatars/default.png	\N
43	user43	\N	\N	\N	\N	pass43	f	/static/images/user_avatars/default.png	\N
44	user44	\N	\N	\N	\N	pass44	f	/static/images/user_avatars/default.png	\N
45	user45	\N	\N	\N	\N	pass45	f	/static/images/user_avatars/default.png	\N
46	user46	\N	\N	\N	\N	pass46	f	/static/images/user_avatars/default.png	\N
47	user47	\N	\N	\N	\N	pass47	f	/static/images/user_avatars/default.png	\N
48	user48	\N	\N	\N	\N	pass48	f	/static/images/user_avatars/default.png	\N
49	user49	\N	\N	\N	\N	pass49	f	/static/images/user_avatars/default.png	\N
50	user50	\N	\N	\N	\N	pass50	f	/static/images/user_avatars/default.png	\N
51	user51	\N	\N	\N	\N	pass51	f	/static/images/user_avatars/default.png	\N
52	user52	\N	\N	\N	\N	pass52	f	/static/images/user_avatars/default.png	\N
53	user53	\N	\N	\N	\N	pass53	f	/static/images/user_avatars/default.png	\N
54	user54	\N	\N	\N	\N	pass54	f	/static/images/user_avatars/default.png	\N
55	user55	\N	\N	\N	\N	pass55	f	/static/images/user_avatars/default.png	\N
56	user56	\N	\N	\N	\N	pass56	f	/static/images/user_avatars/default.png	\N
57	user57	\N	\N	\N	\N	pass57	f	/static/images/user_avatars/default.png	\N
58	user58	\N	\N	\N	\N	pass58	f	/static/images/user_avatars/default.png	\N
59	user59	\N	\N	\N	\N	pass59	f	/static/images/user_avatars/default.png	\N
60	user60	\N	\N	\N	\N	pass60	f	/static/images/user_avatars/default.png	\N
61	user61	\N	\N	\N	\N	pass61	f	/static/images/user_avatars/default.png	\N
62	user62	\N	\N	\N	\N	pass62	f	/static/images/user_avatars/default.png	\N
63	user63	\N	\N	\N	\N	pass63	f	/static/images/user_avatars/default.png	\N
64	user64	\N	\N	\N	\N	pass64	f	/static/images/user_avatars/default.png	\N
65	user65	\N	\N	\N	\N	pass65	f	/static/images/user_avatars/default.png	\N
66	user66	\N	\N	\N	\N	pass66	f	/static/images/user_avatars/default.png	\N
67	user67	\N	\N	\N	\N	pass67	f	/static/images/user_avatars/default.png	\N
68	user68	\N	\N	\N	\N	pass68	f	/static/images/user_avatars/default.png	\N
69	user69	\N	\N	\N	\N	pass69	f	/static/images/user_avatars/default.png	\N
70	user70	\N	\N	\N	\N	pass70	f	/static/images/user_avatars/default.png	\N
71	user71	\N	\N	\N	\N	pass71	f	/static/images/user_avatars/default.png	\N
72	user72	\N	\N	\N	\N	pass72	f	/static/images/user_avatars/default.png	\N
73	user73	\N	\N	\N	\N	pass73	f	/static/images/user_avatars/default.png	\N
74	user74	\N	\N	\N	\N	pass74	f	/static/images/user_avatars/default.png	\N
75	user75	\N	\N	\N	\N	pass75	f	/static/images/user_avatars/default.png	\N
76	user76	\N	\N	\N	\N	pass76	f	/static/images/user_avatars/default.png	\N
77	user77	\N	\N	\N	\N	pass77	f	/static/images/user_avatars/default.png	\N
78	user78	\N	\N	\N	\N	pass78	f	/static/images/user_avatars/default.png	\N
79	user79	\N	\N	\N	\N	pass79	f	/static/images/user_avatars/default.png	\N
80	user80	\N	\N	\N	\N	pass80	f	/static/images/user_avatars/default.png	\N
81	user81	\N	\N	\N	\N	pass81	f	/static/images/user_avatars/default.png	\N
82	user82	\N	\N	\N	\N	pass82	f	/static/images/user_avatars/default.png	\N
83	user83	\N	\N	\N	\N	pass83	f	/static/images/user_avatars/default.png	\N
84	user84	\N	\N	\N	\N	pass84	f	/static/images/user_avatars/default.png	\N
85	user85	\N	\N	\N	\N	pass85	f	/static/images/user_avatars/default.png	\N
86	user86	\N	\N	\N	\N	pass86	f	/static/images/user_avatars/default.png	\N
87	user87	\N	\N	\N	\N	pass87	f	/static/images/user_avatars/default.png	\N
88	user88	\N	\N	\N	\N	pass88	f	/static/images/user_avatars/default.png	\N
89	user89	\N	\N	\N	\N	pass89	f	/static/images/user_avatars/default.png	\N
90	user90	\N	\N	\N	\N	pass90	f	/static/images/user_avatars/default.png	\N
91	user91	\N	\N	\N	\N	pass91	f	/static/images/user_avatars/default.png	\N
92	user92	\N	\N	\N	\N	pass92	f	/static/images/user_avatars/default.png	\N
93	user93	\N	\N	\N	\N	pass93	f	/static/images/user_avatars/default.png	\N
94	user94	\N	\N	\N	\N	pass94	f	/static/images/user_avatars/default.png	\N
95	user95	\N	\N	\N	\N	pass95	f	/static/images/user_avatars/default.png	\N
96	user96	\N	\N	\N	\N	pass96	f	/static/images/user_avatars/default.png	\N
97	user97	\N	\N	\N	\N	pass97	f	/static/images/user_avatars/default.png	\N
98	user98	\N	\N	\N	\N	pass98	f	/static/images/user_avatars/default.png	\N
99	user99	\N	\N	\N	\N	pass99	f	/static/images/user_avatars/default.png	\N
100	string	\N	\N	\N	\N	$2b$12$i42rBEoejXfapcKZ6mCaY.J/1o9iiqsDICk8S/2TuTlOnhX8c2bSm	f	/static/images/user_avatars/default.png	617194d9766b4098ace16da7e6e49f5f
\.


--
-- TOC entry 3478 (class 0 OID 0)
-- Dependencies: 210
-- Name: albums_id_seq; Type: SEQUENCE SET; Schema: public; Owner: smp_user
--

SELECT pg_catalog.setval('public.albums_id_seq', 100, true);


--
-- TOC entry 3479 (class 0 OID 0)
-- Dependencies: 212
-- Name: artists_id_seq; Type: SEQUENCE SET; Schema: public; Owner: smp_user
--

SELECT pg_catalog.setval('public.artists_id_seq', 100, true);


--
-- TOC entry 3480 (class 0 OID 0)
-- Dependencies: 220
-- Name: playlists_id_seq; Type: SEQUENCE SET; Schema: public; Owner: smp_user
--

SELECT pg_catalog.setval('public.playlists_id_seq', 1, false);


--
-- TOC entry 3481 (class 0 OID 0)
-- Dependencies: 222
-- Name: queues_id_seq; Type: SEQUENCE SET; Schema: public; Owner: smp_user
--

SELECT pg_catalog.setval('public.queues_id_seq', 1, true);


--
-- TOC entry 3482 (class 0 OID 0)
-- Dependencies: 224
-- Name: songs_id_seq; Type: SEQUENCE SET; Schema: public; Owner: smp_user
--

SELECT pg_catalog.setval('public.songs_id_seq', 729, true);


--
-- TOC entry 3483 (class 0 OID 0)
-- Dependencies: 214
-- Name: tags_id_seq; Type: SEQUENCE SET; Schema: public; Owner: smp_user
--

SELECT pg_catalog.setval('public.tags_id_seq', 7, true);


--
-- TOC entry 3484 (class 0 OID 0)
-- Dependencies: 216
-- Name: users_id_seq; Type: SEQUENCE SET; Schema: public; Owner: smp_user
--

SELECT pg_catalog.setval('public.users_id_seq', 100, true);


--
-- TOC entry 3250 (class 2606 OID 16436)
-- Name: album_artist album_artist_pkey; Type: CONSTRAINT; Schema: public; Owner: smp_user
--

ALTER TABLE ONLY public.album_artist
    ADD CONSTRAINT album_artist_pkey PRIMARY KEY (album_id, artist_id);


--
-- TOC entry 3254 (class 2606 OID 16453)
-- Name: album_relations album_relations_pkey; Type: CONSTRAINT; Schema: public; Owner: smp_user
--

ALTER TABLE ONLY public.album_relations
    ADD CONSTRAINT album_relations_pkey PRIMARY KEY (id1, id2);


--
-- TOC entry 3236 (class 2606 OID 16398)
-- Name: albums albums_pkey; Type: CONSTRAINT; Schema: public; Owner: smp_user
--

ALTER TABLE ONLY public.albums
    ADD CONSTRAINT albums_pkey PRIMARY KEY (id);


--
-- TOC entry 3234 (class 2606 OID 16389)
-- Name: alembic_version alembic_version_pkc; Type: CONSTRAINT; Schema: public; Owner: smp_user
--

ALTER TABLE ONLY public.alembic_version
    ADD CONSTRAINT alembic_version_pkc PRIMARY KEY (version_num);


--
-- TOC entry 3239 (class 2606 OID 16408)
-- Name: artists artists_pkey; Type: CONSTRAINT; Schema: public; Owner: smp_user
--

ALTER TABLE ONLY public.artists
    ADD CONSTRAINT artists_pkey PRIMARY KEY (id);


--
-- TOC entry 3260 (class 2606 OID 16474)
-- Name: playlists playlists_pkey; Type: CONSTRAINT; Schema: public; Owner: smp_user
--

ALTER TABLE ONLY public.playlists
    ADD CONSTRAINT playlists_pkey PRIMARY KEY (id);


--
-- TOC entry 3263 (class 2606 OID 16490)
-- Name: queues queues_pkey; Type: CONSTRAINT; Schema: public; Owner: smp_user
--

ALTER TABLE ONLY public.queues
    ADD CONSTRAINT queues_pkey PRIMARY KEY (id);


--
-- TOC entry 3279 (class 2606 OID 16551)
-- Name: song_artist song_artist_pkey; Type: CONSTRAINT; Schema: public; Owner: smp_user
--

ALTER TABLE ONLY public.song_artist
    ADD CONSTRAINT song_artist_pkey PRIMARY KEY (song_id, artist_id);


--
-- TOC entry 3283 (class 2606 OID 16568)
-- Name: song_tag song_tag_pkey; Type: CONSTRAINT; Schema: public; Owner: smp_user
--

ALTER TABLE ONLY public.song_tag
    ADD CONSTRAINT song_tag_pkey PRIMARY KEY (song_id, tag_id);


--
-- TOC entry 3267 (class 2606 OID 16505)
-- Name: songs songs_pkey; Type: CONSTRAINT; Schema: public; Owner: smp_user
--

ALTER TABLE ONLY public.songs
    ADD CONSTRAINT songs_pkey PRIMARY KEY (id);


--
-- TOC entry 3244 (class 2606 OID 16419)
-- Name: tags tags_pkey; Type: CONSTRAINT; Schema: public; Owner: smp_user
--

ALTER TABLE ONLY public.tags
    ADD CONSTRAINT tags_pkey PRIMARY KEY (id);


--
-- TOC entry 3271 (class 2606 OID 16517)
-- Name: user_album user_album_pkey; Type: CONSTRAINT; Schema: public; Owner: smp_user
--

ALTER TABLE ONLY public.user_album
    ADD CONSTRAINT user_album_pkey PRIMARY KEY (user_id, album_id);


--
-- TOC entry 3275 (class 2606 OID 16534)
-- Name: user_artist user_artist_pkey; Type: CONSTRAINT; Schema: public; Owner: smp_user
--

ALTER TABLE ONLY public.user_artist
    ADD CONSTRAINT user_artist_pkey PRIMARY KEY (user_id, artist_id);


--
-- TOC entry 3287 (class 2606 OID 16585)
-- Name: user_song user_song_pkey; Type: CONSTRAINT; Schema: public; Owner: smp_user
--

ALTER TABLE ONLY public.user_song
    ADD CONSTRAINT user_song_pkey PRIMARY KEY (user_id, song_id);


--
-- TOC entry 3248 (class 2606 OID 16429)
-- Name: users users_pkey; Type: CONSTRAINT; Schema: public; Owner: smp_user
--

ALTER TABLE ONLY public.users
    ADD CONSTRAINT users_pkey PRIMARY KEY (id);


--
-- TOC entry 3251 (class 1259 OID 16447)
-- Name: ix_album_artist_album_id; Type: INDEX; Schema: public; Owner: smp_user
--

CREATE INDEX ix_album_artist_album_id ON public.album_artist USING btree (album_id);


--
-- TOC entry 3252 (class 1259 OID 16448)
-- Name: ix_album_artist_artist_id; Type: INDEX; Schema: public; Owner: smp_user
--

CREATE INDEX ix_album_artist_artist_id ON public.album_artist USING btree (artist_id);


--
-- TOC entry 3255 (class 1259 OID 16464)
-- Name: ix_album_relations_id1; Type: INDEX; Schema: public; Owner: smp_user
--

CREATE INDEX ix_album_relations_id1 ON public.album_relations USING btree (id1);


--
-- TOC entry 3256 (class 1259 OID 16465)
-- Name: ix_album_relations_id2; Type: INDEX; Schema: public; Owner: smp_user
--

CREATE INDEX ix_album_relations_id2 ON public.album_relations USING btree (id2);


--
-- TOC entry 3237 (class 1259 OID 16399)
-- Name: ix_albums_id; Type: INDEX; Schema: public; Owner: smp_user
--

CREATE INDEX ix_albums_id ON public.albums USING btree (id);


--
-- TOC entry 3240 (class 1259 OID 16409)
-- Name: ix_artists_id; Type: INDEX; Schema: public; Owner: smp_user
--

CREATE INDEX ix_artists_id ON public.artists USING btree (id);


--
-- TOC entry 3241 (class 1259 OID 16410)
-- Name: ix_artists_name; Type: INDEX; Schema: public; Owner: smp_user
--

CREATE INDEX ix_artists_name ON public.artists USING btree (name);


--
-- TOC entry 3257 (class 1259 OID 16480)
-- Name: ix_playlists_id; Type: INDEX; Schema: public; Owner: smp_user
--

CREATE INDEX ix_playlists_id ON public.playlists USING btree (id);


--
-- TOC entry 3258 (class 1259 OID 16481)
-- Name: ix_playlists_user_id; Type: INDEX; Schema: public; Owner: smp_user
--

CREATE INDEX ix_playlists_user_id ON public.playlists USING btree (user_id);


--
-- TOC entry 3261 (class 1259 OID 16496)
-- Name: ix_queues_user_id; Type: INDEX; Schema: public; Owner: smp_user
--

CREATE INDEX ix_queues_user_id ON public.queues USING btree (user_id);


--
-- TOC entry 3276 (class 1259 OID 16562)
-- Name: ix_song_artist_artist_id; Type: INDEX; Schema: public; Owner: smp_user
--

CREATE INDEX ix_song_artist_artist_id ON public.song_artist USING btree (artist_id);


--
-- TOC entry 3277 (class 1259 OID 16563)
-- Name: ix_song_artist_song_id; Type: INDEX; Schema: public; Owner: smp_user
--

CREATE INDEX ix_song_artist_song_id ON public.song_artist USING btree (song_id);


--
-- TOC entry 3280 (class 1259 OID 16579)
-- Name: ix_song_tag_song_id; Type: INDEX; Schema: public; Owner: smp_user
--

CREATE INDEX ix_song_tag_song_id ON public.song_tag USING btree (song_id);


--
-- TOC entry 3281 (class 1259 OID 16580)
-- Name: ix_song_tag_tag_id; Type: INDEX; Schema: public; Owner: smp_user
--

CREATE INDEX ix_song_tag_tag_id ON public.song_tag USING btree (tag_id);


--
-- TOC entry 3264 (class 1259 OID 16511)
-- Name: ix_songs_album_id; Type: INDEX; Schema: public; Owner: smp_user
--

CREATE INDEX ix_songs_album_id ON public.songs USING btree (album_id);


--
-- TOC entry 3265 (class 1259 OID 16512)
-- Name: ix_songs_id; Type: INDEX; Schema: public; Owner: smp_user
--

CREATE INDEX ix_songs_id ON public.songs USING btree (id);


--
-- TOC entry 3242 (class 1259 OID 16420)
-- Name: ix_tags_id; Type: INDEX; Schema: public; Owner: smp_user
--

CREATE INDEX ix_tags_id ON public.tags USING btree (id);


--
-- TOC entry 3268 (class 1259 OID 16528)
-- Name: ix_user_album_album_id; Type: INDEX; Schema: public; Owner: smp_user
--

CREATE INDEX ix_user_album_album_id ON public.user_album USING btree (album_id);


--
-- TOC entry 3269 (class 1259 OID 16529)
-- Name: ix_user_album_user_id; Type: INDEX; Schema: public; Owner: smp_user
--

CREATE INDEX ix_user_album_user_id ON public.user_album USING btree (user_id);


--
-- TOC entry 3272 (class 1259 OID 16545)
-- Name: ix_user_artist_artist_id; Type: INDEX; Schema: public; Owner: smp_user
--

CREATE INDEX ix_user_artist_artist_id ON public.user_artist USING btree (artist_id);


--
-- TOC entry 3273 (class 1259 OID 16546)
-- Name: ix_user_artist_user_id; Type: INDEX; Schema: public; Owner: smp_user
--

CREATE INDEX ix_user_artist_user_id ON public.user_artist USING btree (user_id);


--
-- TOC entry 3284 (class 1259 OID 16596)
-- Name: ix_user_song_song_id; Type: INDEX; Schema: public; Owner: smp_user
--

CREATE INDEX ix_user_song_song_id ON public.user_song USING btree (song_id);


--
-- TOC entry 3285 (class 1259 OID 16597)
-- Name: ix_user_song_user_id; Type: INDEX; Schema: public; Owner: smp_user
--

CREATE INDEX ix_user_song_user_id ON public.user_song USING btree (user_id);


--
-- TOC entry 3245 (class 1259 OID 16430)
-- Name: ix_users_id; Type: INDEX; Schema: public; Owner: smp_user
--

CREATE INDEX ix_users_id ON public.users USING btree (id);


--
-- TOC entry 3246 (class 1259 OID 16431)
-- Name: ix_users_username; Type: INDEX; Schema: public; Owner: smp_user
--

CREATE UNIQUE INDEX ix_users_username ON public.users USING btree (username);


--
-- TOC entry 3288 (class 2606 OID 16437)
-- Name: album_artist album_artist_album_id_fkey; Type: FK CONSTRAINT; Schema: public; Owner: smp_user
--

ALTER TABLE ONLY public.album_artist
    ADD CONSTRAINT album_artist_album_id_fkey FOREIGN KEY (album_id) REFERENCES public.albums(id);


--
-- TOC entry 3289 (class 2606 OID 16442)
-- Name: album_artist album_artist_artist_id_fkey; Type: FK CONSTRAINT; Schema: public; Owner: smp_user
--

ALTER TABLE ONLY public.album_artist
    ADD CONSTRAINT album_artist_artist_id_fkey FOREIGN KEY (artist_id) REFERENCES public.artists(id);


--
-- TOC entry 3290 (class 2606 OID 16454)
-- Name: album_relations album_relations_id1_fkey; Type: FK CONSTRAINT; Schema: public; Owner: smp_user
--

ALTER TABLE ONLY public.album_relations
    ADD CONSTRAINT album_relations_id1_fkey FOREIGN KEY (id1) REFERENCES public.albums(id);


--
-- TOC entry 3291 (class 2606 OID 16459)
-- Name: album_relations album_relations_id2_fkey; Type: FK CONSTRAINT; Schema: public; Owner: smp_user
--

ALTER TABLE ONLY public.album_relations
    ADD CONSTRAINT album_relations_id2_fkey FOREIGN KEY (id2) REFERENCES public.albums(id);


--
-- TOC entry 3292 (class 2606 OID 16475)
-- Name: playlists playlists_user_id_fkey; Type: FK CONSTRAINT; Schema: public; Owner: smp_user
--

ALTER TABLE ONLY public.playlists
    ADD CONSTRAINT playlists_user_id_fkey FOREIGN KEY (user_id) REFERENCES public.users(id);


--
-- TOC entry 3293 (class 2606 OID 16491)
-- Name: queues queues_user_id_fkey; Type: FK CONSTRAINT; Schema: public; Owner: smp_user
--

ALTER TABLE ONLY public.queues
    ADD CONSTRAINT queues_user_id_fkey FOREIGN KEY (user_id) REFERENCES public.users(id);


--
-- TOC entry 3299 (class 2606 OID 16552)
-- Name: song_artist song_artist_artist_id_fkey; Type: FK CONSTRAINT; Schema: public; Owner: smp_user
--

ALTER TABLE ONLY public.song_artist
    ADD CONSTRAINT song_artist_artist_id_fkey FOREIGN KEY (artist_id) REFERENCES public.artists(id);


--
-- TOC entry 3300 (class 2606 OID 16557)
-- Name: song_artist song_artist_song_id_fkey; Type: FK CONSTRAINT; Schema: public; Owner: smp_user
--

ALTER TABLE ONLY public.song_artist
    ADD CONSTRAINT song_artist_song_id_fkey FOREIGN KEY (song_id) REFERENCES public.songs(id);


--
-- TOC entry 3301 (class 2606 OID 16569)
-- Name: song_tag song_tag_song_id_fkey; Type: FK CONSTRAINT; Schema: public; Owner: smp_user
--

ALTER TABLE ONLY public.song_tag
    ADD CONSTRAINT song_tag_song_id_fkey FOREIGN KEY (song_id) REFERENCES public.songs(id);


--
-- TOC entry 3302 (class 2606 OID 16574)
-- Name: song_tag song_tag_tag_id_fkey; Type: FK CONSTRAINT; Schema: public; Owner: smp_user
--

ALTER TABLE ONLY public.song_tag
    ADD CONSTRAINT song_tag_tag_id_fkey FOREIGN KEY (tag_id) REFERENCES public.tags(id);


--
-- TOC entry 3294 (class 2606 OID 16506)
-- Name: songs songs_album_id_fkey; Type: FK CONSTRAINT; Schema: public; Owner: smp_user
--

ALTER TABLE ONLY public.songs
    ADD CONSTRAINT songs_album_id_fkey FOREIGN KEY (album_id) REFERENCES public.albums(id);


--
-- TOC entry 3295 (class 2606 OID 16518)
-- Name: user_album user_album_album_id_fkey; Type: FK CONSTRAINT; Schema: public; Owner: smp_user
--

ALTER TABLE ONLY public.user_album
    ADD CONSTRAINT user_album_album_id_fkey FOREIGN KEY (album_id) REFERENCES public.albums(id);


--
-- TOC entry 3296 (class 2606 OID 16523)
-- Name: user_album user_album_user_id_fkey; Type: FK CONSTRAINT; Schema: public; Owner: smp_user
--

ALTER TABLE ONLY public.user_album
    ADD CONSTRAINT user_album_user_id_fkey FOREIGN KEY (user_id) REFERENCES public.users(id);


--
-- TOC entry 3297 (class 2606 OID 16535)
-- Name: user_artist user_artist_artist_id_fkey; Type: FK CONSTRAINT; Schema: public; Owner: smp_user
--

ALTER TABLE ONLY public.user_artist
    ADD CONSTRAINT user_artist_artist_id_fkey FOREIGN KEY (artist_id) REFERENCES public.artists(id);


--
-- TOC entry 3298 (class 2606 OID 16540)
-- Name: user_artist user_artist_user_id_fkey; Type: FK CONSTRAINT; Schema: public; Owner: smp_user
--

ALTER TABLE ONLY public.user_artist
    ADD CONSTRAINT user_artist_user_id_fkey FOREIGN KEY (user_id) REFERENCES public.users(id);


--
-- TOC entry 3303 (class 2606 OID 16586)
-- Name: user_song user_song_song_id_fkey; Type: FK CONSTRAINT; Schema: public; Owner: smp_user
--

ALTER TABLE ONLY public.user_song
    ADD CONSTRAINT user_song_song_id_fkey FOREIGN KEY (song_id) REFERENCES public.songs(id);


--
-- TOC entry 3304 (class 2606 OID 16591)
-- Name: user_song user_song_user_id_fkey; Type: FK CONSTRAINT; Schema: public; Owner: smp_user
--

ALTER TABLE ONLY public.user_song
    ADD CONSTRAINT user_song_user_id_fkey FOREIGN KEY (user_id) REFERENCES public.users(id);


-- Completed on 2022-08-28 07:18:56 UTC

--
-- PostgreSQL database dump complete
--

